,Mean intensity,Standard Deviation,Entropy,Histogram Skewness
0,0.5330193638801575,0.19454005360603333,7.511553262221946,-0.30226659774780273
1,0.5330193638801575,0.19454005360603333,7.511553262221946,-0.30226659774780273
2,0.45120930671691895,0.289745032787323,7.610678473512092,0.027009405195713043
3,0.5492005348205566,0.2244214415550232,7.3883216633344295,-0.7143619656562805
4,0.3871743679046631,0.25185626745224,7.463355665305144,0.3016805946826935
5,0.58137446641922,0.26718005537986755,7.6752419536790235,-0.15164265036582947
6,0.514106035232544,0.18313398957252502,7.057757720301568,-0.8220124840736389
7,0.43791577219963074,0.23375600576400757,7.470736555590855,0.09909997135400772
8,0.5928863286972046,0.2644992768764496,7.675032190603856,-0.4691845178604126
9,0.45837417244911194,0.3134183883666992,7.5517791515016714,0.1683218628168106
10,0.40880757570266724,0.13519339263439178,6.624215329726602,0.49425458908081055
11,0.4542941451072693,0.20624403655529022,7.570597119761256,0.306045800447464
12,0.46907365322113037,0.1894882172346115,7.231693755405437,0.48881080746650696
13,0.5000855922698975,0.19488385319709778,7.18225174330061,-0.41104787588119507
14,0.32901057600975037,0.19766904413700104,7.2782656325903154,0.4912203848361969
15,0.40102076530456543,0.2775246798992157,7.531283158783269,0.058855921030044556
16,0.6031466722488403,0.286365807056427,7.594017778272063,-0.2971803843975067
17,0.614075243473053,0.19531066715717316,7.208241722315285,-0.6718007326126099
18,0.3213188052177429,0.21259646117687225,6.516006284983531,0.6451456546783447
19,0.3799489140510559,0.19130288064479828,7.49327632347487,0.4590184688568115
20,0.45579400658607483,0.15015068650245667,6.908388061245316,-0.9508243203163147
21,0.3530689477920532,0.26276957988739014,7.353094473227126,0.7497557401657104
22,0.5728376507759094,0.19559888541698456,7.071885102368935,-0.9958046674728394
23,0.6257107853889465,0.1665543168783188,6.852582091221875,-1.1285688877105713
24,0.4122145473957062,0.17234116792678833,7.000595122212653,-0.10861320793628693
25,0.43455028533935547,0.15265284478664398,7.175809038726798,-0.18290188908576965
26,0.47938185930252075,0.23393744230270386,7.698176264234437,0.14748014509677887
27,0.42991530895233154,0.17998327314853668,7.463062936562855,0.3270239531993866
28,0.3123512864112854,0.10180700570344925,6.4360242575539255,-0.818892240524292
29,0.5790920257568359,0.2502421438694,7.559033807811747,-0.32397493720054626
30,0.42509451508522034,0.25485506653785706,7.7772351281342305,0.5283035039901733
31,0.46957212686538696,0.21120961010456085,6.972966092108703,0.349636971950531
32,0.6201358437538147,0.20952120423316956,7.167011447661263,-0.8520024418830872
33,0.5306479334831238,0.24817411601543427,7.618095197561137,-0.16446170210838318
34,0.41508471965789795,0.19663101434707642,7.544795596537314,0.31069308519363403
35,0.5458471179008484,0.21558216214179993,7.383966070459998,-0.7857756018638611
36,0.5471172332763672,0.1780119389295578,7.135171404856031,-0.20194703340530396
37,0.16116850078105927,0.15593543648719788,6.348224347193094,1.1896991729736328
38,0.33179596066474915,0.22470858693122864,6.9257347519555745,0.35349079966545105
39,0.47914648056030273,0.18880991637706757,6.988515603758822,-0.12833912670612335
40,0.3670809864997864,0.24453195929527283,7.429934181934927,0.6510534286499023
41,0.5538989901542664,0.23940907418727875,7.686226933586348,-0.39091965556144714
42,0.5998928546905518,0.2893237769603729,7.718187554038175,-0.3670833110809326
43,0.5227906703948975,0.16157381236553192,6.920912238933273,0.0375739261507988
44,0.43027952313423157,0.1630113422870636,6.89891127785039,-0.31553852558135986
45,0.533684492111206,0.32411617040634155,7.245204717819696,0.1558580845594406
46,0.5262332558631897,0.19761620461940765,7.300020375194501,-0.8592283129692078
47,0.4229525923728943,0.21740469336509705,7.557952917914309,0.15399181842803955
48,0.6561588048934937,0.20914892852306366,7.298446655452614,-0.5704546570777893
49,0.3479076027870178,0.11065590381622314,6.364050340794745,1.7346657514572144
50,0.592022180557251,0.20883870124816895,7.336392190759664,-0.49057257175445557
51,0.4724016785621643,0.14277489483356476,6.816268890310324,-1.1284321546554565
52,0.5173789262771606,0.2190946638584137,7.5501292633102794,-0.2639584243297577
53,0.3414846956729889,0.2042398899793625,6.967880767767248,0.539906919002533
54,0.43247315287590027,0.21723707020282745,7.512575192003126,0.14847111701965332
55,0.4794405698776245,0.18704380095005035,6.962339099498867,0.15762655436992645
56,0.6054797172546387,0.20846936106681824,7.240146786517837,-0.8138521313667297
57,0.49298375844955444,0.2013111412525177,7.434398489158044,-0.3251354992389679
58,0.3334057629108429,0.1703856885433197,7.041304941000192,0.5727737545967102
59,0.5479987263679504,0.16927525401115417,7.306588557563892,0.26186054944992065
60,0.42601338028907776,0.1826474517583847,6.720406641781274,-0.26600441336631775
61,0.5265951752662659,0.2160065770149231,7.296540801595057,-0.4472914934158325
62,0.4347212016582489,0.19513516128063202,7.276938623522585,0.2156040370464325
63,0.6944851875305176,0.13778668642044067,4.753288940147413,-2.8457794189453125
64,0.34175533056259155,0.16321536898612976,6.98173207178205,0.34878358244895935
65,0.6203219890594482,0.20487543940544128,7.297353713112592,-0.5094372630119324
66,0.44285479187965393,0.2026095986366272,7.442699076456701,-0.33254218101501465
67,0.4503121078014374,0.19332782924175262,7.431571201290989,-0.1664610058069229
68,0.41818368434906006,0.1795804351568222,7.268994940436082,0.3903021216392517
69,0.49979367852211,0.2738988399505615,7.595623150466306,0.14056889712810516
70,0.5132470726966858,0.2594592869281769,7.33048834217397,-0.15328414738178253
71,0.5780389308929443,0.1303377002477646,6.3687542593357245,-0.8524006009101868
72,0.4593370854854584,0.2552505135536194,7.583549194420167,0.352632999420166
73,0.4848191738128662,0.24123205244541168,7.219308607188079,-0.1350264996290207
74,0.5178685784339905,0.2606784403324127,7.338268147804087,-0.15462222695350647
75,0.3640294075012207,0.19448304176330566,7.2792394179236695,0.8234257102012634
76,0.38628485798835754,0.23348955810070038,7.317140850864229,0.1637643575668335
77,0.3080884516239166,0.2996620535850525,7.183200423306132,0.7538542151451111
78,0.4543211758136749,0.1858881562948227,6.999399103990673,0.009005424566566944
79,0.4398840069770813,0.25127407908439636,7.610520218725149,0.1296953409910202
80,0.4918309450149536,0.17023810744285583,7.341080044790167,0.3463839888572693
81,0.5064899325370789,0.1731620728969574,7.028319922231382,-0.7014405727386475
82,0.45005834102630615,0.30904629826545715,7.520660854134347,0.17509202659130096
83,0.43777698278427124,0.3015187978744507,7.563579062916665,0.10404928773641586
84,0.49342238903045654,0.20960919559001923,7.221148313056262,0.5359103679656982
85,0.4058275520801544,0.2869395315647125,7.45594666100711,0.2316109985113144
86,0.3414846956729889,0.2042398899793625,6.967880767767248,0.539906919002533
87,0.5833668112754822,0.12456444650888443,6.508064825704814,-0.4639526307582855
88,0.4229525923728943,0.21740469336509705,7.557952917914309,0.15399181842803955
89,0.3718686103820801,0.18021543323993683,7.473514287072407,0.07675990462303162
90,0.5115693211555481,0.1820855289697647,7.187796941028467,-0.21722008287906647
91,0.48675957322120667,0.20582501590251923,7.271612029198283,-0.3683623671531677
92,0.24221362173557281,0.25900593400001526,6.902490409180903,0.9696586728096008
93,0.577337920665741,0.1833624541759491,7.085043603349042,-0.6146532893180847
94,0.6254483461380005,0.2193576842546463,7.5096933352986515,-0.3134576380252838
95,0.4735858142375946,0.2866811454296112,7.046072247128195,0.6896058917045593
96,0.5645252466201782,0.26801642775535583,7.570222258202251,-0.5844023823738098
97,0.38459864258766174,0.2841764986515045,7.471055200037195,0.23950767517089844
98,0.4251556098461151,0.1765240877866745,7.1114964574396025,0.31873515248298645
99,0.7502758502960205,0.14785057306289673,5.1490669543360195,-3.3659119606018066
100,0.433724045753479,0.20667515695095062,7.495842886857864,0.11091390997171402
101,0.42989349365234375,0.20852412283420563,7.325869191271313,0.15656694769859314
102,0.5369088053703308,0.17635366320610046,7.049659541251537,-0.477286696434021
103,0.4767807424068451,0.2619817852973938,7.694779356802001,-0.0005617572460323572
104,0.5912127494812012,0.20184524357318878,7.452402461821666,-0.24517278373241425
105,0.433724045753479,0.20667515695095062,7.495842886857864,0.11091390997171402
106,0.4872643053531647,0.227417454123497,7.6467945621007045,-0.29279690980911255
107,0.3998028039932251,0.21390537917613983,7.524828085878946,-0.10689947009086609
108,0.21542046964168549,0.22518573701381683,6.693795906896308,1.4727567434310913
109,0.31481167674064636,0.23613151907920837,7.076365520460535,0.7190643548965454
110,0.40687528252601624,0.18379972875118256,7.202998991126761,0.2421656996011734
111,0.4651874899864197,0.16111642122268677,6.805787999717043,-0.016741592437028885
112,0.4006443917751312,0.26481762528419495,7.535960594631215,0.28265342116355896
113,0.5456353425979614,0.18296456336975098,6.767856836640137,-0.7644626498222351
114,0.4034341871738434,0.29347047209739685,6.968903049438799,0.9290739893913269
115,0.5094528198242188,0.2825053334236145,7.513133278470599,-0.1951846331357956
116,0.5150825381278992,0.17913106083869934,7.124597602908163,-0.2584938108921051
117,0.3777981996536255,0.2456459403038025,7.613001177644884,0.21918706595897675
118,0.6077688932418823,0.1745353639125824,7.0895930688793065,-0.2604542374610901
119,0.635016143321991,0.18341447412967682,7.152396862764516,-0.9510446786880493
120,0.6275905966758728,0.23425236344337463,7.334629421130921,-0.9783464074134827
121,0.5655162334442139,0.31955450773239136,7.581218788563386,-0.146612748503685
122,0.5203806757926941,0.21884071826934814,7.424212736744353,-0.5569013357162476
123,0.3016759157180786,0.17668360471725464,7.255163651661417,0.3551236689090729
124,0.3663502037525177,0.12835946679115295,6.830146236124179,0.7985698580741882
125,0.5446328520774841,0.2209140509366989,7.483982703427581,0.17980806529521942
126,0.5287047624588013,0.18034890294075012,7.081439093180412,-0.7127798795700073
127,0.3966101109981537,0.18597018718719482,7.2008173814342005,0.16270330548286438
128,0.39694663882255554,0.22409535944461823,7.568724101198526,0.5301382541656494
129,0.38640618324279785,0.2533753514289856,7.4332374528369165,0.15933623909950256
130,0.5007932186126709,0.186187282204628,7.269720746847177,-0.1206970140337944
131,0.5816059708595276,0.20201419293880463,7.078224492990053,-0.28829115629196167
132,0.37421828508377075,0.24714913964271545,7.366939868643501,0.20972007513046265
133,0.39070045948028564,0.18832170963287354,6.837692017041112,-0.2186679095029831
134,0.5055850744247437,0.17721517384052277,7.086259871643807,-0.5811333656311035
135,0.314199298620224,0.19220927357673645,7.079155736192736,0.29553043842315674
136,0.5996090769767761,0.20714722573757172,7.440178267886943,-0.6292382478713989
137,0.2831633985042572,0.18869705498218536,6.885728969960411,0.5470898747444153
138,0.46108561754226685,0.2947078347206116,7.169988924686209,0.664237916469574
139,0.3340093791484833,0.15990565717220306,6.600895726834529,1.0527708530426025
140,0.47621455788612366,0.2188348025083542,7.6681040563935445,0.15473434329032898
141,0.5095087289810181,0.23014768958091736,7.263916162577103,-0.4454337954521179
142,0.3260103762149811,0.21289025247097015,7.208567658439093,0.5751680135726929
143,0.5293118357658386,0.21457411348819733,7.0819684284117255,-0.08724960684776306
144,0.6255561113357544,0.24226433038711548,6.976784026133144,-0.02914365567266941
145,0.3693361282348633,0.27730250358581543,7.544305520856512,0.3408369719982147
146,0.5655162334442139,0.31955450773239136,7.581218788563386,-0.146612748503685
147,0.5003559589385986,0.28200745582580566,7.696301898462117,-0.1343940943479538
148,0.5437895655632019,0.1790408194065094,7.417874501701043,0.1602785885334015
149,0.3213188052177429,0.21259646117687225,6.516006284983531,0.6451456546783447
150,0.4229525923728943,0.21740469336509705,7.557952917914309,0.15399181842803955
151,0.314199298620224,0.19220927357673645,7.079155736192736,0.29553043842315674
152,0.4346220791339874,0.2647048234939575,7.426268731455224,0.0025511211715638638
153,0.5460334420204163,0.2430534064769745,7.3532483926800385,-0.24034129083156586
154,0.6641430258750916,0.12670914828777313,6.245093500816678,-1.1356425285339355
155,0.5078606009483337,0.2301362007856369,7.600482924494455,-0.09384139627218246
156,0.32257920503616333,0.18945902585983276,7.187267774102792,0.8043614029884338
157,0.5951365232467651,0.26048168540000916,7.651262448457079,-0.4964252710342407
158,0.5489169359207153,0.16929611563682556,6.738318007733703,-0.793167233467102
159,0.3046056628227234,0.2348812222480774,7.1724740430623735,0.46937909722328186
160,0.5643713474273682,0.2627847194671631,7.694831572272645,-0.3760644197463989
161,0.46384137868881226,0.1857077032327652,7.363734051260738,0.6568227410316467
162,0.5016998052597046,0.18582814931869507,7.266282089198499,-0.12967659533023834
163,0.5972234010696411,0.2636159360408783,7.242645766163678,-0.2186318188905716
164,0.5655162334442139,0.31955450773239136,7.581218788563386,-0.146612748503685
165,0.2878413498401642,0.2127373367547989,7.310266202892481,0.5163192749023438
166,0.3842524290084839,0.2652682662010193,7.157238367925011,0.39628976583480835
167,0.46173638105392456,0.24819885194301605,7.497213560452126,-0.38740554451942444
168,0.5771992206573486,0.16513046622276306,6.955507951909333,-0.3537388741970062
169,0.45463019609451294,0.12810423970222473,6.657189607842238,-0.0332069955766201
170,0.22470100224018097,0.127698615193367,6.873580832872774,0.8585096597671509
171,0.5727397799491882,0.23032931983470917,7.449451608714099,-0.03624711185693741
172,0.3980341851711273,0.2460068315267563,7.6158323547269156,0.03091512806713581
173,0.5998188853263855,0.13225200772285461,6.445508310808185,-0.9228883385658264
174,0.6318789720535278,0.19748923182487488,7.265085807089014,-0.715766966342926
175,0.2837844789028168,0.21893969178199768,7.09039029723345,0.7600257396697998
176,0.42986562848091125,0.18754972517490387,7.174133314114158,-0.3927485942840576
177,0.4719139635562897,0.2020440548658371,7.208518826710677,-0.31654882431030273
178,0.5981839299201965,0.18888673186302185,6.879395912142809,-0.9537142515182495
179,0.5662404298782349,0.12136728316545486,6.473016411728407,-1.0486760139465332
180,0.41186001896858215,0.23257330060005188,7.5504529500815005,-0.11458760499954224
181,0.4833897650241852,0.17576363682746887,7.068710866043346,-0.16077867150306702
182,0.5005570650100708,0.2060142308473587,6.666618855425838,-0.3483729064464569
183,0.4549015760421753,0.1928204894065857,7.140189053406811,-0.3750871419906616
184,0.47074005007743835,0.2643335163593292,7.7377801879267105,0.18149656057357788
185,0.5183396935462952,0.1692417711019516,7.040027889825602,0.24532994627952576
186,0.42986562848091125,0.18754972517490387,7.174133314114158,-0.3927485942840576
187,0.5661071538925171,0.1814236044883728,7.044970312116919,-0.8585015535354614
188,0.33740973472595215,0.16466033458709717,6.623440552489819,0.42112740874290466
189,0.4521186947822571,0.238885298371315,7.595933000999182,-0.23146484792232513
190,0.4122145473957062,0.17234116792678833,7.000595122212653,-0.10861320793628693
191,0.43864044547080994,0.16356371343135834,6.684633596514728,-0.3481798768043518
192,0.5640812516212463,0.1761367917060852,6.64679987856916,-0.7730004191398621
193,0.26624053716659546,0.24738691747188568,6.685712039795309,0.9250335097312927
194,0.29047301411628723,0.2900215685367584,7.1148576144695,0.685335099697113
195,0.43424922227859497,0.2660554349422455,7.368203127813629,-0.10729856789112091
196,0.5031514763832092,0.30794909596443176,7.67424374492227,-0.0034777354449033737
197,0.5470762848854065,0.1832464337348938,7.085012301169133,-0.7536821961402893
198,0.5049240589141846,0.249362051486969,7.5519377800625955,0.4432748556137085
199,0.42991530895233154,0.17998327314853668,7.463062936562855,0.3270239531993866
200,0.4964519143104553,0.17602606117725372,7.3021047484636865,0.13845504820346832
201,0.2371080070734024,0.20245738327503204,6.93405922191166,1.832175850868225
202,0.2837844789028168,0.21893969178199768,7.09039029723345,0.7600257396697998
203,0.47337472438812256,0.19564411044120789,7.349318785195259,-0.08493442088365555
204,0.49119117856025696,0.20770931243896484,7.328935698137288,-0.3663935959339142
205,0.5015841722488403,0.2874069809913635,7.672026481856323,0.020826855674386024
206,0.6589661836624146,0.2189551740884781,6.414739165906115,-0.2339848130941391
207,0.3793832063674927,0.23369283974170685,7.0065838200790775,0.1316942423582077
208,0.5701922178268433,0.212049663066864,6.898105283607412,-0.5209574103355408
209,0.3824911415576935,0.19270949065685272,7.169613234895773,0.9501261711120605
210,0.47613897919654846,0.27356764674186707,7.633923651251672,0.044120270758867264
211,0.3210833668708801,0.23798222839832306,7.2415523235101835,0.5396690368652344
212,0.43684253096580505,0.2662273347377777,7.680890185628972,0.005023087374866009
213,0.38991814851760864,0.18429434299468994,7.360821034744988,0.45269545912742615
214,0.5190702080726624,0.3242471516132355,7.643290565494264,-0.10284116119146347
215,0.4251556098461151,0.1765240877866745,7.1114964574396025,0.31873515248298645
216,0.37716543674468994,0.25927287340164185,7.464822106609893,0.15705683827400208
217,0.5949190258979797,0.2021065503358841,7.276240676899462,-0.5256468057632446
218,0.6199803352355957,0.15421292185783386,6.890335982332144,-0.5161108374595642
219,0.42714956402778625,0.2293173372745514,7.721446967976197,0.30086594820022583
220,0.5734503865242004,0.1391068547964096,7.099299105819123,-0.6464060544967651
221,0.5532003045082092,0.23315726220607758,7.478517072112062,-0.4775424003601074
222,0.47998785972595215,0.2550163269042969,7.837343301969758,0.26256683468818665
223,0.5314594507217407,0.24397413432598114,7.429716887601327,-0.3824315071105957
224,0.5039619207382202,0.1882379651069641,7.069399611230949,-0.8428835272789001
225,0.5376719236373901,0.20363429188728333,7.35826707921463,-0.5175046920776367
226,0.46316957473754883,0.25037121772766113,7.820183744883009,0.30297866463661194
227,0.5077322721481323,0.25428518652915955,7.8304948961520715,0.09364546835422516
228,0.4203176200389862,0.18575559556484222,7.381603386993691,-0.1107003390789032
229,0.510500967502594,0.28023824095726013,7.497360082108778,-0.27601757645606995
230,0.4414667785167694,0.24411199986934662,7.559693659437264,0.08228036016225815
231,0.3871743679046631,0.25185626745224,7.463355665305144,0.3016805946826935
232,0.4058377146720886,0.269761860370636,7.5452495484090685,0.17270736396312714
233,0.5781556963920593,0.18567828834056854,7.30586475599188,0.16650253534317017
234,0.3113551139831543,0.13461948931217194,7.008336769799614,0.7072898745536804
235,0.4242401421070099,0.17374204099178314,6.8674365383450136,0.6707581877708435
236,0.5298582315444946,0.24347908794879913,7.761893039757074,0.027584727853536606
237,0.6992453932762146,0.12255249917507172,6.133053943771106,-1.348452091217041
238,0.4130409061908722,0.12859247624874115,7.0099299201836365,0.26556625962257385
239,0.33179596066474915,0.22470858693122864,6.9257347519555745,0.35349079966545105
240,0.6112067699432373,0.21658697724342346,7.06597309249457,-0.6202265620231628
241,0.5003659725189209,0.25864216685295105,7.585683641441472,-0.3422158360481262
242,0.3974654972553253,0.2662701904773712,7.50655816870755,0.1906338334083557
243,0.5651766657829285,0.21154718101024628,7.440940475953407,-0.3612465262413025
244,0.48344776034355164,0.15046149492263794,7.188734133245326,-0.013931160792708397
245,0.35275745391845703,0.13692429661750793,7.016237481631906,0.4143175184726715
246,0.34343069791793823,0.14162637293338776,6.772161174542862,-0.0342736691236496
247,0.5064986348152161,0.2044345885515213,6.9616489855753265,0.01977362297475338
248,0.4251556098461151,0.1765240877866745,7.1114964574396025,0.31873515248298645
249,0.5093173384666443,0.23330719769001007,7.368809834644901,0.35950931906700134
250,0.46410536766052246,0.20391669869422913,7.5729006332898665,-0.1518394649028778
251,0.37250614166259766,0.22756731510162354,7.266666717815046,0.17287108302116394
252,0.46042442321777344,0.1685480922460556,7.00876988728261,-0.29625609517097473
253,0.38986364006996155,0.16915129125118256,7.190961071190492,0.816720187664032
254,0.5322748422622681,0.22012959420681,6.947866485501434,0.3918056786060333
255,0.6464815139770508,0.16493536531925201,6.858645382387759,-1.1976323127746582
256,0.44902729988098145,0.1683804988861084,6.987711542369964,-0.2559772729873657
257,0.5063653588294983,0.2672054171562195,7.3728803083923315,0.3352441191673279
258,0.5720745921134949,0.18407242000102997,7.324653932536933,-0.07456270605325699
259,0.6191227436065674,0.254667192697525,7.424065186064856,-0.08620911836624146
260,0.5655162334442139,0.31955450773239136,7.581218788563386,-0.146612748503685
261,0.38186129927635193,0.2503199279308319,7.413086129395805,0.23761755228042603
262,0.4127209484577179,0.24527513980865479,7.267312741820081,0.18621140718460083
263,0.4123598039150238,0.2608013153076172,7.524393881425061,0.15156127512454987
264,0.4153387248516083,0.18717125058174133,7.128385864085742,0.005813737399876118
265,0.3643166720867157,0.10191810876131058,6.4234417692870185,-0.27566391229629517
266,0.6040376424789429,0.24724863469600677,7.357865067789859,-0.43546757102012634
267,0.37296485900878906,0.24248521029949188,7.33663615481321,0.2462204247713089
268,0.3895612359046936,0.1163855642080307,6.314629788622575,0.3250417113304138
269,0.4817999303340912,0.20790646970272064,7.419040373171579,0.29597124457359314
270,0.39919382333755493,0.16665080189704895,6.9640811694845555,-0.5706737637519836
271,0.5580381155014038,0.22753240168094635,7.587433652107103,-0.17964839935302734
272,0.33522650599479675,0.2278594970703125,7.274786598155264,0.5654084086418152
273,0.5917181968688965,0.2692165672779083,7.537510080327253,-0.5798084139823914
274,0.4426758885383606,0.16691504418849945,6.971708093168881,-0.2748086154460907
275,0.34291210770606995,0.0985068678855896,6.024632708607926,2.3450992107391357
276,0.44673341512680054,0.30094030499458313,7.5730785284354045,0.08095371723175049
277,0.49064451456069946,0.17266778647899628,6.962253753943519,-0.4784616231918335
278,0.3782128691673279,0.20485252141952515,7.469483021467109,-0.016618900001049042
279,0.41100937128067017,0.2609129846096039,7.51683760004283,0.1401725709438324
280,0.6095879673957825,0.23263032734394073,7.351216375609421,-0.9101431965827942
281,0.5905637145042419,0.19756671786308289,6.843690334957969,0.13353915512561798
282,0.6170165538787842,0.20475049316883087,7.026394214854711,-1.2187639474868774
283,0.48129862546920776,0.28234121203422546,7.019088261927787,0.6712877750396729
284,0.3665865957736969,0.2950246334075928,7.298048795068418,0.22103093564510345
285,0.4307604730129242,0.15942597389221191,7.2728304518316245,0.2754461467266083
286,0.2795850336551666,0.1811334490776062,7.013546888847201,0.8743889927864075
287,0.6154512166976929,0.21477027237415314,7.293926337304552,-0.4015171527862549
288,0.5672030448913574,0.14784391224384308,7.1322961559116855,-0.4243983328342438
289,0.5951747298240662,0.17551161348819733,7.122043333233777,-0.4946271479129791
290,0.44467324018478394,0.22660264372825623,7.60691642535582,0.09819474816322327
291,0.4936438798904419,0.12947234511375427,6.360742016976142,-0.23171071708202362
292,0.4697621166706085,0.15444521605968475,7.167615086068933,0.040247123688459396
293,0.5032603144645691,0.2938438951969147,7.687054341945608,0.06685144454240799
294,0.7428112626075745,0.24694953858852386,6.7304863785241995,-0.8811520338058472
295,0.4566086530685425,0.16699948906898499,6.970731515666532,-0.32871583104133606
296,0.4542234241962433,0.268803209066391,7.602316610837872,0.0969926044344902
297,0.5324687361717224,0.2406773418188095,7.597266348710802,-0.15193074941635132
298,0.46337372064590454,0.27021363377571106,7.728445797908738,-0.058717064559459686
299,0.6697171330451965,0.21564900875091553,6.521269894808501,-0.26936113834381104
300,0.5324687361717224,0.2406773418188095,7.597266348710802,-0.15193074941635132
301,0.41818368434906006,0.1795804351568222,7.268994940436082,0.3903021216392517
302,0.46042442321777344,0.1685480922460556,7.00876988728261,-0.29625609517097473
303,0.2680584192276001,0.13359206914901733,6.646518783543489,0.5768642425537109
304,0.6352685689926147,0.2646334171295166,6.7813295497642665,-0.8639751672744751
305,0.31549713015556335,0.22326219081878662,7.083082642442582,0.565588653087616
306,0.44035664200782776,0.19458600878715515,7.207366958831631,0.6151422262191772
307,0.45325061678886414,0.30667251348495483,7.328298615769006,-0.10060323774814606
308,0.6361516714096069,0.17538033425807953,6.897070686269967,-0.9021043181419373
309,0.3718686103820801,0.18021543323993683,7.473514287072407,0.07675990462303162
310,0.44813302159309387,0.1703881472349167,7.330776476469802,0.08118309825658798
311,0.4427547752857208,0.2688826322555542,7.585994128913723,-0.029852984473109245
312,0.6588699221611023,0.12544433772563934,6.20203226596812,-1.220242977142334
313,0.46502387523651123,0.19641077518463135,7.270460663520382,0.5845575928688049
314,0.33179596066474915,0.22470858693122864,6.9257347519555745,0.35349079966545105
315,0.36469191312789917,0.17902004718780518,7.354421860972955,0.609129011631012
316,0.4061563313007355,0.24275405704975128,7.250700163779632,0.09817210584878922
317,0.37397629022598267,0.2939077317714691,7.428011831271983,0.47510355710983276
318,0.5992117524147034,0.24885469675064087,7.407530476174407,-0.4112444519996643
319,0.5672794580459595,0.1993035227060318,7.192791821854364,-0.5562346577644348
320,0.589339554309845,0.23895543813705444,6.95475840291091,-0.9299432039260864
321,0.48729732632637024,0.1930771768093109,7.348196302846619,-0.09235105663537979
322,0.6032171845436096,0.2267405390739441,7.0883120450576484,0.16593040525913239
323,0.5095087289810181,0.23014768958091736,7.263916162577103,-0.4454337954521179
324,0.4055451452732086,0.25510135293006897,7.241673131004884,-0.018119728192687035
325,0.2970823347568512,0.27019551396369934,7.250697326939981,0.704738974571228
326,0.5580381155014038,0.22753240168094635,7.587433652107103,-0.17964839935302734
327,0.4445105195045471,0.1454661786556244,6.809711561419264,-0.10938893258571625
328,0.4012794494628906,0.28394895792007446,7.429568652839987,0.8521251082420349
329,0.47256946563720703,0.20642268657684326,7.593469717894809,-0.11422429978847504
330,0.43330541253089905,0.17884862422943115,7.405557435027352,-0.031075315549969673
331,0.5008002519607544,0.27864405512809753,7.501624430744159,-0.17975731194019318
332,0.49211063981056213,0.18117383122444153,7.3368925908931475,0.1758086234331131
333,0.42881253361701965,0.2582699954509735,7.631834107855519,0.4638790488243103
334,0.5851048231124878,0.1721680760383606,7.069978407071815,-0.8919956684112549
335,0.3671073913574219,0.22570312023162842,7.252221714372918,0.19789569079875946
336,0.5063281059265137,0.26734429597854614,7.843714908225221,-0.08667172491550446
337,0.5039619207382202,0.1882379651069641,7.069399611230949,-0.8428835272789001
338,0.5075056552886963,0.14622482657432556,7.119237608827626,-0.07713308930397034
339,0.555749237537384,0.278947651386261,7.631155750963172,0.08745642751455307
340,0.39339232444763184,0.1858963966369629,7.47980083857111,-0.02612089179456234
341,0.5860377550125122,0.17979538440704346,7.024394971247436,0.48519712686538696
342,0.5024954080581665,0.25809934735298157,7.549027824778444,0.4675996005535126
343,0.36658963561058044,0.2779914140701294,7.563134219400717,0.4258136451244354
344,0.20813003182411194,0.22152191400527954,6.7081622018395075,1.5452423095703125
345,0.37684866786003113,0.2593359649181366,7.540582281601082,0.23736700415611267
346,0.3178379237651825,0.2112666666507721,6.8167799527917134,0.5168641805648804
347,0.2755502164363861,0.08224047720432281,6.093430082905639,0.01580793224275112
348,0.5863714814186096,0.20308271050453186,7.414953615776857,-0.5936362743377686
349,0.283122718334198,0.24114856123924255,6.953274883330249,0.644725501537323
350,0.6726943850517273,0.2259419709444046,7.27928675083451,-1.1737186908721924
351,0.45579400658607483,0.15015068650245667,6.908388061245316,-0.9508243203163147
352,0.5008504986763,0.17545060813426971,7.072990835987542,-0.4945988655090332
353,0.3847021162509918,0.14776891469955444,7.178942431784554,0.14627231657505035
354,0.6306728720664978,0.1840050369501114,6.93833556086357,-0.9266674518585205
355,0.37636250257492065,0.2039112150669098,6.940640209600553,0.930693507194519
356,0.5072731375694275,0.1583234965801239,7.031297528097383,-0.1631777435541153
357,0.41186001896858215,0.23257330060005188,7.5504529500815005,-0.11458760499954224
358,0.5105103254318237,0.21875713765621185,7.247953829562943,-0.17523862421512604
359,0.47618386149406433,0.17573942244052887,7.098703552900475,0.43588531017303467
360,0.42596498131752014,0.13508494198322296,6.419116476896446,1.2096662521362305
361,0.47651225328445435,0.2518961727619171,7.42015579059999,0.04133304953575134
362,0.4032749533653259,0.18458858132362366,7.054073075388869,0.053150396794080734
363,0.7254175543785095,0.21410410106182098,6.301060067252251,-1.721675992012024
364,0.3183377683162689,0.1994907408952713,6.914307716971494,1.4730820655822754
365,0.4963919520378113,0.2628978490829468,7.5365801040689195,0.5206079483032227
366,0.5095087289810181,0.23014768958091736,7.263916162577103,-0.4454337954521179
367,0.26106923818588257,0.13558050990104675,6.779788664985839,1.3292957544326782
368,0.5081000924110413,0.21966896951198578,7.537693596080405,-0.1648535132408142
369,0.38677239418029785,0.21422843635082245,7.354740381077321,0.5568991303443909
370,0.3674936890602112,0.15282540023326874,6.880949715762221,0.9271908402442932
371,0.4341403841972351,0.26300445199012756,7.6193677144529435,-0.04114251583814621
372,0.31563881039619446,0.22004202008247375,7.006462812305267,0.5522961616516113
373,0.6547410488128662,0.21836692094802856,6.45783723318719,-0.23336602747440338
374,0.47082555294036865,0.2434605211019516,6.9812228310826185,1.0031802654266357
375,0.3797264099121094,0.2777828872203827,7.349922913893164,0.3683379590511322
376,0.38991814851760864,0.18429434299468994,7.360821034744988,0.45269545912742615
377,0.4532976448535919,0.3061240613460541,7.678478048743671,0.1640397608280182
378,0.43706977367401123,0.23781859874725342,7.451305493268791,0.19931934773921967
379,0.47914648056030273,0.18880991637706757,6.988515603758822,-0.12833912670612335
380,0.40056362748146057,0.25891003012657166,7.513637436523077,0.14374299347400665
381,0.5808290243148804,0.18676744401454926,7.382794345093189,-0.6157097220420837
382,0.6181939244270325,0.19480212032794952,6.973626685288717,-1.0574830770492554
383,0.5655162334442139,0.31955450773239136,7.581218788563386,-0.146612748503685
384,0.6892412900924683,0.276223361492157,6.81163874183071,-0.6803649067878723
385,0.4802328944206238,0.22787734866142273,7.7332879950800875,0.23241393268108368
386,0.37307286262512207,0.16409127414226532,7.143800533052055,0.868538498878479
387,0.5441669821739197,0.219425767660141,7.591213398901733,-0.4732227623462677
388,0.470165878534317,0.1850980520248413,7.295446784926891,0.3588017523288727
389,0.5666561722755432,0.2349638193845749,7.276477528844981,-0.5359081625938416
390,0.2240598499774933,0.21268494427204132,6.566630351911684,1.2658112049102783
391,0.47375452518463135,0.1647072583436966,7.282993028936903,0.3547873795032501
392,0.4473857581615448,0.16930603981018066,6.843452763761614,0.11549775302410126
393,0.3824911415576935,0.19270949065685272,7.169613234895773,0.9501261711120605
394,0.48832130432128906,0.28126564621925354,7.638698545491676,-0.2962118685245514
395,0.5432060360908508,0.17862583696842194,7.080440829552116,-0.7389038801193237
396,0.5343756079673767,0.1929691582918167,7.095299450905391,0.825486421585083
397,0.5727547407150269,0.269588828086853,7.566655961816384,-0.6202927231788635
398,0.4882068634033203,0.2671072781085968,7.759190398150052,0.11169062554836273
399,0.5054909586906433,0.15203449130058289,6.884340938111328,-1.1614480018615723
400,0.33878910541534424,0.21254174411296844,7.059061376871651,0.6811485290527344
401,0.3902079164981842,0.20778591930866241,7.2453188276327225,0.3478037416934967
402,0.5324687361717224,0.2406773418188095,7.597266348710802,-0.15193074941635132
403,0.36931508779525757,0.285584032535553,7.2850144316495955,0.2102888822555542
404,0.5075255036354065,0.17535962164402008,7.114301474210272,-0.5464720129966736
405,0.504924476146698,0.2335936427116394,7.417666538835722,0.15310102701187134
406,0.3990001678466797,0.1320960968732834,6.29773540542764,-0.5529198050498962
407,0.43039023876190186,0.22452671825885773,7.709548013630698,0.18755945563316345
408,0.4817999303340912,0.20790646970272064,7.419040373171579,0.29597124457359314
409,0.5948246121406555,0.23690912127494812,7.414620770876905,0.09241622686386108
410,0.5325906276702881,0.23833981156349182,7.1033891274656495,-0.021590987220406532
411,0.5516380071640015,0.23959772288799286,7.252960204643613,-0.0580427348613739
412,0.45126911997795105,0.19547981023788452,7.299875737565371,-0.5690085887908936
413,0.518075704574585,0.2835976481437683,7.717871423747321,-0.3629947900772095
414,0.3682265281677246,0.15922792255878448,6.756432211283215,0.04033200070261955
415,0.5003659725189209,0.25864216685295105,7.585683641441472,-0.3422158360481262
416,0.2964726388454437,0.24099262058734894,7.001118617408342,0.5135185122489929
417,0.39339232444763184,0.1858963966369629,7.47980083857111,-0.02612089179456234
418,0.6661185026168823,0.16985301673412323,6.95685426201031,-0.8265858888626099
419,0.4527277648448944,0.14877669513225555,6.769790224024507,-0.017314821481704712
420,0.6505962610244751,0.12520001828670502,6.069565627323619,-1.0798976421356201
421,0.4374930262565613,0.2397443801164627,7.748345533315866,0.0677759051322937
422,0.5924376249313354,0.21878182888031006,7.3155665736161595,-0.3410128355026245
423,0.29584211111068726,0.13263177871704102,6.847695254933287,0.68792325258255
424,0.23670867085456848,0.19246461987495422,6.6384703774001945,0.9707973599433899
425,0.45795345306396484,0.17229165136814117,7.347385656903704,0.04534558206796646
426,0.3682265281677246,0.15922792255878448,6.756432211283215,0.04033200070261955
427,0.3404650390148163,0.27491697669029236,7.2519891780704775,0.4868794083595276
428,0.3188256025314331,0.25864359736442566,7.38341324250174,0.7409021854400635
429,0.5078421235084534,0.17923493683338165,7.095611822052177,0.331610769033432
430,0.4364246129989624,0.2654251456260681,7.650328447527477,0.32365551590919495
431,0.2886548340320587,0.21995629370212555,7.023763181694974,0.6267094016075134
432,0.5509365200996399,0.16351692378520966,6.792988178998064,-0.5130990147590637
433,0.4373137056827545,0.26074597239494324,7.650952808062846,0.043487340211868286
434,0.549607515335083,0.2759391665458679,6.867766804058707,0.18242493271827698
435,0.43247315287590027,0.21723707020282745,7.512575192003126,0.14847111701965332
436,0.4082390367984772,0.14435520768165588,7.070348732499079,0.19128365814685822
437,0.40928420424461365,0.2691951096057892,7.6750479889706815,0.16946227848529816
438,0.3133612275123596,0.19591054320335388,7.443050071031656,0.8654599785804749
439,0.4542779326438904,0.19654087722301483,7.303994131007724,-0.5736510753631592
440,0.5208643674850464,0.20610472559928894,7.180637663198125,0.00025644569541327655
441,0.29173168540000916,0.245946004986763,7.192565116968487,0.8820696473121643
442,0.44902729988098145,0.1683804988861084,6.987711542369964,-0.2559772729873657
443,0.3976447582244873,0.10777844488620758,6.496189798741744,-0.42845597863197327
444,0.3854745924472809,0.27557694911956787,7.623289402278378,0.3305206000804901
445,0.41289860010147095,0.2535786032676697,7.219181717059871,-0.08221384882926941
446,0.6033331751823425,0.18246126174926758,7.167446459897505,-0.2426208108663559
447,0.456677109003067,0.21488241851329803,7.638195870762347,0.30394482612609863
448,0.3867262303829193,0.17658346891403198,7.174762414983161,-0.36699390411376953
449,0.5373222231864929,0.18668264150619507,7.367367057938801,0.050667282193899155
450,0.609836220741272,0.17776522040367126,7.151463166246286,-0.5328159332275391
451,0.4213121235370636,0.26209408044815063,7.549468098335898,0.09148338437080383
452,0.43330541253089905,0.17884862422943115,7.405557435027352,-0.031075315549969673
453,0.5747701525688171,0.16833913326263428,6.989196513893965,-0.7024840712547302
454,0.36526554822921753,0.2676558494567871,7.471099870296468,0.39168769121170044
455,0.374916136264801,0.24278973042964935,7.340770534415242,0.23487131297588348
456,0.5420659184455872,0.22726775705814362,7.595523717936179,-0.30057260394096375
457,0.6224924921989441,0.3001987040042877,7.104361023337595,-0.22057409584522247
458,0.5926464200019836,0.16880443692207336,6.892942146826591,-0.8074784278869629
459,0.3807559609413147,0.23453573882579803,7.080918374711864,0.3550461530685425
460,0.6104960441589355,0.21442966163158417,7.25505943149863,-0.3631846308708191
461,0.435539573431015,0.2515564560890198,7.635634400060825,0.1605585217475891
462,0.6263794898986816,0.20282840728759766,7.321597329689982,-0.7190987467765808
463,0.5173513293266296,0.2748177647590637,7.611823209558439,-0.2935434579849243
464,0.6110934019088745,0.20550332963466644,7.093533302271056,-1.1870516538619995
465,0.49450862407684326,0.17577892541885376,7.067781012478703,-0.5305044651031494
466,0.43234238028526306,0.22910721600055695,7.174686591851855,0.5665255188941956
467,0.5532806515693665,0.18293340504169464,7.123999044256583,-0.7611981630325317
468,0.46914857625961304,0.20154798030853271,7.087163569417053,-0.38717663288116455
469,0.5032603144645691,0.2938438951969147,7.687054341945608,0.06685144454240799
470,0.6870183944702148,0.256246417760849,6.673233068967579,-1.0239639282226562
471,0.39919382333755493,0.16665080189704895,6.9640811694845555,-0.5706737637519836
472,0.5472001433372498,0.14937783777713776,6.753635167314071,-0.7494230270385742
473,0.4566086530685425,0.16699948906898499,6.970731515666532,-0.32871583104133606
474,0.4251556098461151,0.1765240877866745,7.1114964574396025,0.31873515248298645
475,0.5963465571403503,0.21590781211853027,7.4770658904159,-0.2968951463699341
476,0.5692902207374573,0.24444356560707092,7.220154440406292,-0.33276814222335815
477,0.37385737895965576,0.24262546002864838,7.3451967750498115,0.23971068859100342
478,0.5923755764961243,0.21497543156147003,7.378686082866,-0.4330533444881439
479,0.4654794931411743,0.21133928000926971,7.552478859522193,-0.16690628230571747
480,0.43977633118629456,0.1908300220966339,7.108869061448233,-0.4975571036338806
481,0.6754552125930786,0.17241643369197845,6.644563472429582,-1.5865767002105713
482,0.4496104419231415,0.1596987247467041,7.277506021653984,-0.037330977618694305
483,0.4932856559753418,0.17156291007995605,7.031911974398884,-0.42713463306427
484,0.4923716187477112,0.2537539005279541,7.599088598686214,-0.31884968280792236
485,0.5309706330299377,0.16617150604724884,6.841916882148664,-0.3884134590625763
486,0.6568728089332581,0.15313421189785004,6.867584585089778,-0.6683624982833862
487,0.46042442321777344,0.1685480922460556,7.00876988728261,-0.29625609517097473
488,0.627163290977478,0.2626068890094757,7.111100729100519,-0.17659075558185577
489,0.33878910541534424,0.21254174411296844,7.059061376871651,0.6811485290527344
490,0.5862299203872681,0.21689388155937195,7.355304355916204,-0.35531431436538696
491,0.4721949100494385,0.2074696272611618,7.143622899988404,-0.3648049235343933
492,0.32421886920928955,0.1193951740860939,6.589156258627648,0.32403191924095154
493,0.5268421173095703,0.15764325857162476,6.6457200334916005,-0.9378178715705872
494,0.4902823865413666,0.1814137101173401,7.146927548357098,0.36961567401885986
495,0.3684763014316559,0.254708468914032,7.496849051145747,0.38991832733154297
496,0.45120930671691895,0.289745032787323,7.610678473512092,0.027009405195713043
497,0.5981981754302979,0.18215058743953705,6.879150348970597,-0.8474975228309631
498,0.3911191523075104,0.18003720045089722,6.987641304906948,0.1175326332449913
499,0.38459864258766174,0.2841764986515045,7.471055200037195,0.23950767517089844
500,0.4229525923728943,0.21740469336509705,7.557952917914309,0.15399181842803955
501,0.5151359438896179,0.1992608606815338,7.195499985987866,-0.631991982460022
502,0.5095087289810181,0.23014768958091736,7.263916162577103,-0.4454337954521179
503,0.5953627824783325,0.16760462522506714,6.755096786600196,-0.4563528895378113
504,0.3556840121746063,0.17455725371837616,7.055485961264077,0.4391787052154541
505,0.3663502037525177,0.12835946679115295,6.830146236124179,0.7985698580741882
506,0.3305599093437195,0.2071649581193924,7.439304060243896,0.18024255335330963
507,0.4122145473957062,0.17234116792678833,7.000595122212653,-0.10861320793628693
508,0.3867262303829193,0.17658346891403198,7.174762414983161,-0.36699390411376953
509,0.3964507579803467,0.24021849036216736,7.1769827037090685,0.2670165002346039
510,0.4531433582305908,0.24002644419670105,7.171435991527795,-0.004721649922430515
511,0.6161775588989258,0.1460036039352417,6.202494285054679,-1.4887261390686035
512,0.3336886465549469,0.2419571429491043,7.288908543310488,0.4890671372413635
513,0.5297684669494629,0.16726791858673096,7.311168329524415,-0.7233507633209229
514,0.649482250213623,0.2083766907453537,7.142216056931021,-1.208978295326233
515,0.37090834975242615,0.25347834825515747,7.545718492168128,0.3346312344074249
516,0.39694663882255554,0.22409535944461823,7.568724101198526,0.5301382541656494
517,0.3757973313331604,0.2625320851802826,7.532844147898449,0.3974047005176544
518,0.3695313632488251,0.25194987654685974,7.481585491984032,0.3862692415714264
519,0.4958340525627136,0.2830476462841034,7.6709613161263785,-0.1048855409026146
520,0.4278505742549896,0.15564216673374176,7.182229665266235,0.5113404989242554
521,0.5113232731819153,0.1737106740474701,7.140704654497103,-0.530940055847168
522,0.5155406594276428,0.18783074617385864,7.299526606727841,-0.1990540772676468
523,0.3800501227378845,0.24367685616016388,7.121018039462019,0.0946517139673233
524,0.5906789302825928,0.314639687538147,7.5356230828003845,-0.22745242714881897
525,0.5095087289810181,0.23014768958091736,7.263916162577103,-0.4454337954521179
526,0.4558373689651489,0.2765475809574127,7.667289118438679,0.016505038365721703
527,0.4139232337474823,0.169466033577919,7.21704400453938,0.716027557849884
528,0.33179596066474915,0.22470858693122864,6.9257347519555745,0.35349079966545105
529,0.47412440180778503,0.21563869714736938,7.632480658771321,0.037875741720199585
530,0.5504311323165894,0.15562891960144043,6.916440808268128,-0.8433603048324585
531,0.4728109836578369,0.2671453058719635,7.585344272505039,-0.1504378467798233
532,0.38063952326774597,0.16075050830841064,6.899304129745876,0.8510682582855225
533,0.5903352499008179,0.18373730778694153,7.088608871387435,-0.6870501041412354
534,0.47759950160980225,0.2188132256269455,7.508474003562762,0.11140494048595428
535,0.40198570489883423,0.21341094374656677,7.412677547558657,0.15589319169521332
536,0.3752443492412567,0.2984543442726135,7.483923157154193,0.49847376346588135
537,0.42991530895233154,0.17998327314853668,7.463062936562855,0.3270239531993866
538,0.40569642186164856,0.2437347173690796,7.288485487436616,0.24303500354290009
539,0.42991530895233154,0.17998327314853668,7.463062936562855,0.3270239531993866
540,0.5591442584991455,0.21608656644821167,7.198704037495144,-0.6733040809631348
541,0.456677109003067,0.21488241851329803,7.638195870762347,0.30394482612609863
542,0.4913761615753174,0.14477677643299103,6.782958163400009,-1.2153090238571167
543,0.5229213237762451,0.18783429265022278,7.064732010517722,-0.9395637512207031
544,0.4426758885383606,0.16691504418849945,6.971708093168881,-0.2748086154460907
545,0.42814648151397705,0.19305630028247833,6.721049859864136,-0.1362459808588028
546,0.47014275193214417,0.11736220121383667,6.7833739264825645,-0.3270484209060669
547,0.38982832431793213,0.23956869542598724,7.229048566003512,0.17422427237033844
548,0.4091682434082031,0.12814512848854065,6.369613247329947,1.1722551584243774
549,0.645058810710907,0.2644679844379425,6.794470337969452,-0.8892647624015808
550,0.616855263710022,0.18347740173339844,7.1357000415130525,-0.9015052914619446
551,0.53561931848526,0.2781975567340851,7.622548624958408,-0.35643714666366577
552,0.5509365200996399,0.16351692378520966,6.792988178998064,-0.5130990147590637
553,0.49064451456069946,0.17266778647899628,6.962253753943519,-0.4784616231918335
554,0.33179596066474915,0.22470858693122864,6.9257347519555745,0.35349079966545105
555,0.3703474998474121,0.09668923914432526,6.358850014585687,-0.6026073098182678
556,0.3350122570991516,0.2877849340438843,7.361804448851561,0.5650449395179749
557,0.4346220791339874,0.2647048234939575,7.426268731455224,0.0025511211715638638
558,0.5346956849098206,0.20837686955928802,7.287104379885786,-0.6410421133041382
559,0.5005320310592651,0.2519962787628174,7.249458275023369,-0.15462744235992432
560,0.45767346024513245,0.1968843638896942,7.302708062841155,-0.2963424026966095
561,0.29584211111068726,0.13263177871704102,6.847695254933287,0.68792325258255
562,0.5349627733230591,0.1804027557373047,7.117931037697015,-0.6544149518013
563,0.42986562848091125,0.18754972517490387,7.174133314114158,-0.3927485942840576
564,0.3935554623603821,0.29470163583755493,7.429626808600046,0.2901366651058197
565,0.5459128022193909,0.17570005357265472,7.328059256506425,-0.5359434485435486
566,0.4242401421070099,0.17374204099178314,6.8674365383450136,0.6707581877708435
567,0.5935195684432983,0.16792495548725128,7.055615604661252,-0.2654028534889221
568,0.5335568785667419,0.1768200397491455,7.062106202036298,-0.45400485396385193
569,0.264919638633728,0.21602798998355865,6.8759990730746905,0.5798638463020325
570,0.5065727233886719,0.22484582662582397,7.488376499928127,-0.472847044467926
571,0.41186001896858215,0.23257330060005188,7.5504529500815005,-0.11458760499954224
572,0.5366155505180359,0.24231450259685516,7.7423501665832966,-0.03514958173036575
573,0.44331055879592896,0.23753395676612854,7.755484838715847,0.16291533410549164
574,0.642922580242157,0.21587932109832764,7.129842490374114,-0.9950256943702698
575,0.5447820425033569,0.25124719738960266,7.536511419993826,0.27838632464408875
576,0.42292430996894836,0.23500949144363403,7.4823776802169855,-0.07779718190431595
577,0.3599674701690674,0.26263710856437683,7.390306788973246,0.9733307957649231
578,0.4459548592567444,0.15575885772705078,7.034755918872122,-0.5061589479446411
579,0.34739527106285095,0.28869396448135376,7.32379678692957,0.5120646357536316
580,0.5261390209197998,0.18778204917907715,7.14145591251946,-0.37404686212539673
581,0.5036746859550476,0.31195664405822754,6.446327248779875,0.29571470618247986
582,0.49191543459892273,0.1536720097064972,6.846407011912557,-0.2797289490699768
583,0.42881253361701965,0.2582699954509735,7.631834107855519,0.4638790488243103
584,0.39694663882255554,0.22409535944461823,7.568724101198526,0.5301382541656494
585,0.5219410061836243,0.2656538486480713,7.679120141540965,-0.36743757128715515
586,0.3198172152042389,0.1484607607126236,6.738577528096578,0.31171122193336487
587,0.3016759157180786,0.17668360471725464,7.255163651661417,0.3551236689090729
588,0.5497088432312012,0.18047359585762024,7.053354125579742,-0.484258770942688
589,0.4459548592567444,0.15575885772705078,7.034755918872122,-0.5061589479446411
590,0.6726943850517273,0.2259419709444046,7.27928675083451,-1.1737186908721924
591,0.534643828868866,0.15367773175239563,6.9392211319960575,-0.23981249332427979
592,0.5705747604370117,0.2414608895778656,7.285974682455696,-0.10896103829145432
593,0.5577646493911743,0.20024797320365906,6.838889087234515,0.23574918508529663
594,0.5082311034202576,0.24782083928585052,7.651263637874143,-0.22086738049983978
595,0.46609771251678467,0.2074492871761322,7.448101609906218,0.48917192220687866
596,0.4540422856807709,0.24261492490768433,7.5253140068520175,0.12536528706550598
597,0.649295449256897,0.18823152780532837,7.191584218695296,-0.9438468217849731
598,0.4010857045650482,0.1882547289133072,7.2207704077096135,0.1548319309949875
599,0.5141041874885559,0.11835100501775742,6.498393952059391,-0.913472592830658
600,0.6470581889152527,0.16462890803813934,6.855657034369994,-1.2097444534301758
601,0.5740419626235962,0.2548470199108124,7.440029298525186,-0.44980570673942566
602,0.40687528252601624,0.18379972875118256,7.202998991126761,0.2421656996011734
603,0.29941436648368835,0.24344106018543243,6.656482097178323,1.0040347576141357
604,0.4566086530685425,0.16699948906898499,6.970731515666532,-0.32871583104133606
605,0.3004849851131439,0.24951185286045074,7.273030245697924,0.7671094536781311
606,0.4229525923728943,0.21740469336509705,7.557952917914309,0.15399181842803955
607,0.2862432897090912,0.11019305884838104,6.482861936240735,0.5768728256225586
608,0.6047316193580627,0.16603662073612213,7.114482783711309,-0.22251257300376892
609,0.30564820766448975,0.21824313700199127,7.017287547163434,0.6006292700767517
610,0.36169037222862244,0.27579182386398315,7.644499133116924,0.5679635405540466
611,0.459728866815567,0.20345452427864075,6.958882343595166,0.37593019008636475
612,0.44599977135658264,0.2609056830406189,7.665409154856268,-0.11452171951532364
613,0.41220206022262573,0.2259959876537323,7.3419796464166485,0.19868601858615875
614,0.5031136870384216,0.19306030869483948,7.319798171017422,0.3751135468482971
615,0.30576568841934204,0.2178230732679367,7.248262023738261,1.058287262916565
616,0.5306072235107422,0.21880920231342316,7.472415090074915,-0.6035327911376953
617,0.5440723299980164,0.18226224184036255,7.127298256489747,-0.705276608467102
618,0.5524902939796448,0.23687288165092468,7.503129842937594,-0.45203322172164917
619,0.5703586935997009,0.19930121302604675,7.191682457989462,-0.5743666887283325
620,0.6022992134094238,0.12338601052761078,6.487328221440704,-0.5467195510864258
621,0.33978667855262756,0.25417590141296387,7.112204083802521,0.46361106634140015
622,0.4712670147418976,0.19719138741493225,7.182611669021454,1.0668014287948608
623,0.5305353999137878,0.2228158414363861,7.38707977251252,-0.6504077911376953
624,0.5464405417442322,0.17780332267284393,7.012130263668587,-0.7901286482810974
625,0.3998381495475769,0.2676585912704468,7.554478069537232,0.28313133120536804
626,0.5459433197975159,0.1197303757071495,6.763726873226078,-0.5880129337310791
627,0.5309706330299377,0.16617150604724884,6.841916882148664,-0.3884134590625763
628,0.4229525923728943,0.21740469336509705,7.557952917914309,0.15399181842803955
629,0.44820526242256165,0.2599877715110779,7.656107170148355,0.40554627776145935
630,0.4242401421070099,0.17374204099178314,6.8674365383450136,0.6707581877708435
631,0.40565940737724304,0.2996104061603546,7.5385498367785475,0.33360791206359863
632,0.5020809173583984,0.21878719329833984,7.386360624783967,0.32645121216773987
633,0.49327003955841064,0.26466241478919983,7.575656950863181,-0.46103349328041077
634,0.5597453713417053,0.27215853333473206,7.285333305235415,-0.1037440225481987
635,0.544312059879303,0.20739074051380157,7.370594422835552,-0.18198466300964355
636,0.5071720480918884,0.2623579800128937,7.2818659837515645,0.005649085156619549
637,0.35561951994895935,0.20885910093784332,7.5686448240610735,0.31054529547691345
638,0.46384137868881226,0.1857077032327652,7.363734051260738,0.6568227410316467
639,0.5942955613136292,0.22102659940719604,7.547619459714372,-0.141422301530838
640,0.34727099537849426,0.2596215009689331,7.269231948986335,0.7798922061920166
641,0.6374223828315735,0.26460620760917664,6.822952715128104,-0.8656409978866577
642,0.43182793259620667,0.2021709531545639,7.568455058781545,0.04553163796663284
643,0.667714536190033,0.21542224287986755,7.023265039735289,-1.3099523782730103
644,0.6847664713859558,0.18064051866531372,6.6502172701175315,-1.4097119569778442
645,0.5862583518028259,0.12982571125030518,6.355675879111158,-0.9019436836242676
646,0.2844098210334778,0.1526905596256256,7.159127146921539,0.4488249719142914
647,0.5260037779808044,0.24229863286018372,7.400652823728063,-0.37441661953926086
648,0.3404650390148163,0.27491697669029236,7.2519891780704775,0.4868794083595276
649,0.3434716761112213,0.21411089599132538,7.505510122755961,0.17026525735855103
650,0.5413793325424194,0.23856088519096375,7.30577963663365,-0.033577609807252884
651,0.38669320940971375,0.1354416310787201,6.59410009250294,-0.5507321953773499
652,0.4242401421070099,0.17374204099178314,6.8674365383450136,0.6707581877708435
653,0.31490761041641235,0.2686458230018616,7.109036417972566,0.7341159582138062
654,0.43455028533935547,0.15265284478664398,7.175809038726798,-0.18290188908576965
655,0.46732404828071594,0.26617714762687683,7.677217530982504,-0.16821430623531342
656,0.5329811573028564,0.23592665791511536,7.28965828066117,0.05882316827774048
657,0.4550541341304779,0.16769394278526306,6.8978799404922135,-0.04761362448334694
658,0.7299690246582031,0.26731204986572266,6.88657954345337,-0.8406684398651123
659,0.477406769990921,0.28698602318763733,7.618114221620824,0.3515763282775879
660,0.5778089761734009,0.2099834680557251,7.518394953074021,-0.16315563023090363
661,0.4043410122394562,0.16695992648601532,7.110943735008382,0.9058941602706909
662,0.5747701525688171,0.16833913326263428,6.989196513893965,-0.7024840712547302
663,0.363097608089447,0.24715566635131836,7.386832220305073,1.0520883798599243
664,0.5419796705245972,0.28244590759277344,7.110642976851472,-0.3336673378944397
665,0.5039619207382202,0.1882379651069641,7.069399611230949,-0.8428835272789001
666,0.5032603144645691,0.2938438951969147,7.687054341945608,0.06685144454240799
667,0.4308062195777893,0.2375868707895279,7.376760007468988,0.13129283487796783
668,0.5419653654098511,0.271705687046051,7.798908416314768,0.0834454745054245
669,0.4704000651836395,0.194631427526474,7.341829937935637,-0.07833132892847061
670,0.4550541341304779,0.16769394278526306,6.8978799404922135,-0.04761362448334694
671,0.4008038341999054,0.15112896263599396,7.239268691111737,-0.27011796832084656
672,0.56949782371521,0.16750533878803253,6.880263968618834,-0.6393116116523743
673,0.4032423496246338,0.25226181745529175,7.218334903871579,0.0017312205163761973
674,0.4379218816757202,0.16493435204029083,6.514441796440027,-0.9076487421989441
675,0.16511963307857513,0.1891532838344574,5.819690225583714,1.8015189170837402
676,0.587066650390625,0.24438947439193726,7.401683093160676,-0.40065357089042664
677,0.40192922949790955,0.22707751393318176,7.4160172776972715,-0.028779130429029465
678,0.6325346827507019,0.2617429196834564,7.078584996741861,-0.20587849617004395
679,0.43335777521133423,0.2158239334821701,7.525019228155358,0.4326317012310028
680,0.38063952326774597,0.16075050830841064,6.899304129745876,0.8510682582855225
681,0.4110715687274933,0.17706814408302307,7.251323010156884,0.1349041908979416
682,0.42881253361701965,0.2582699954509735,7.631834107855519,0.4638790488243103
683,0.617748498916626,0.16063430905342102,6.838424143803284,-0.5683122277259827
684,0.31266483664512634,0.22169874608516693,7.044953645390233,0.4898014962673187
685,0.5461488366127014,0.2363961637020111,7.302402748231566,-0.5715029835700989
686,0.32607966661453247,0.1899903565645218,6.822011957932198,0.6080427765846252
687,0.5764871835708618,0.17307601869106293,7.1099659666081045,-0.19044004380702972
688,0.3256441354751587,0.2705777883529663,7.273830807229653,0.5726538896560669
689,0.33416804671287537,0.16316431760787964,4.937992176951583,0.4110698997974396
690,0.15332180261611938,0.13743138313293457,3.211390845403427,2.2377419471740723
691,0.314059317111969,0.1677410900592804,5.673851121828623,0.6057884097099304
692,0.08110011368989944,0.06722228229045868,4.994522749330423,2.381702423095703
693,0.07512445747852325,0.04982784017920494,5.1001999870999,9.188294410705566
694,0.23342527449131012,0.134012833237648,4.941601601407706,1.0016164779663086
695,0.08878174424171448,0.0753202885389328,5.18138615845391,3.4153358936309814
696,0.10105816274881363,0.055998023599386215,4.113575666631205,0.0353374108672142
697,0.2673223316669464,0.13819506764411926,4.911441999811724,0.745471715927124
698,0.28224828839302063,0.1314389854669571,4.097614733587431,-0.029032137244939804
699,0.21145185828208923,0.17504875361919403,5.2133026695141655,1.1018331050872803
700,0.23863130807876587,0.062258895486593246,2.191232986723515,-0.18795643746852875
701,0.2708820104598999,0.11927971243858337,4.72464554951022,-0.25069212913513184
702,0.21057085692882538,0.16058333218097687,5.768769762066513,0.5699979066848755
703,0.08108361810445786,0.08745289593935013,3.891929784437109,1.241230845451355
704,0.294314980506897,0.20297038555145264,6.751423032499341,0.4296064078807831
705,0.1899075210094452,0.17259150743484497,5.14089586491986,1.1901953220367432
706,0.13650397956371307,0.09270155429840088,5.5850500983265245,0.671912431716919
707,0.4630244970321655,0.18993361294269562,4.404531241297818,0.3802715539932251
708,0.396731972694397,0.15660804510116577,5.753779471061434,0.38026556372642517
709,0.3016089200973511,0.16692331433296204,5.417804192198639,1.1562434434890747
710,0.30685150623321533,0.1322983205318451,4.948513701057698,0.4697796404361725
711,0.36187946796417236,0.14061994850635529,4.974829739815746,0.39566364884376526
712,0.2779800593852997,0.15732702612876892,5.204356845016135,0.08243490010499954
713,0.05798647180199623,0.06425253301858902,2.5752153582818975,3.8113880157470703
714,0.4755324721336365,0.2461707592010498,4.993966795272853,-0.6804277300834656
715,0.041724976152181625,0.044861819595098495,4.699497931258496,4.887368679046631
716,0.19456854462623596,0.23995746672153473,3.9454426862110434,1.1977812051773071
717,0.36187678575515747,0.20277810096740723,6.606918395765277,0.17956963181495667
718,0.26402172446250916,0.15127064287662506,5.221072983784063,1.0075607299804688
719,0.04180268570780754,0.03967134654521942,3.124188101698559,5.259132385253906
720,0.2732701897621155,0.20046664774417877,5.216831402814716,0.6635154485702515
721,0.08552490174770355,0.0857091173529625,3.7493344969544506,1.5518265962600708
722,0.1895483136177063,0.17950044572353363,3.3876065721611126,0.8629367351531982
723,0.2519107758998871,0.14441312849521637,3.917789830176882,0.5523836016654968
724,0.36996564269065857,0.17356058955192566,5.214675440698741,-0.11520382016897202
725,0.38475751876831055,0.2324102818965912,5.216163215222289,0.41577452421188354
726,0.3622722625732422,0.15332217514514923,5.718277101857665,0.6291975975036621
727,0.506531298160553,0.13213975727558136,4.132273084441223,-0.48303624987602234
728,0.2380865216255188,0.18471087515354156,4.304222007151272,0.23966628313064575
729,0.14382800459861755,0.11975165456533432,2.589512323966942,1.2068736553192139
730,0.4426216185092926,0.24922195076942444,3.9064362330379194,0.045415159314870834
731,0.04823199287056923,0.04164547473192215,4.789265844804282,1.7734432220458984
732,0.20213116705417633,0.10507740825414658,4.84063627456612,0.3902648091316223
733,0.337275892496109,0.22256603837013245,4.742978680303534,0.3888155519962311
734,0.11051855981349945,0.048670317977666855,4.525517584324919,1.5412383079528809
735,0.25693726539611816,0.14606022834777832,4.910086012343538,0.9758415222167969
736,0.3658350706100464,0.14066322147846222,4.952956030270806,0.3518521785736084
737,0.29453644156455994,0.22591988742351532,5.8693168122700685,0.3344831168651581
738,0.07260985672473907,0.11208204180002213,5.337046649699499,4.176189422607422
739,0.13856230676174164,0.1314791738986969,4.782759239408048,1.0868687629699707
740,0.08762498199939728,0.06636666506528854,4.722931244506317,1.1850950717926025
741,0.106594979763031,0.1127738282084465,4.115670942684259,0.6953285932540894
742,0.21730583906173706,0.19205182790756226,4.852438938218238,0.47996652126312256
743,0.1548396199941635,0.1739087700843811,3.897939359652453,2.0447418689727783
744,0.1864483803510666,0.09581592679023743,4.779716376002621,-0.2422192245721817
745,0.21702395379543304,0.19075007736682892,5.275782572228647,1.042798638343811
746,0.12204399704933167,0.16455799341201782,3.787921129721571,2.0271174907684326
747,0.36811956763267517,0.14345988631248474,4.976599775765869,0.40279993414878845
748,0.35502779483795166,0.19344817101955414,5.248705148293047,0.15146346390247345
749,0.32180145382881165,0.15951159596443176,5.00610619551656,0.45457515120506287
750,0.3431418240070343,0.20514634251594543,4.916013086384771,0.6687241196632385
751,0.1979142427444458,0.1339729279279709,5.641997807388259,0.07459735125303268
752,0.3522796034812927,0.13475513458251953,5.64475694761461,0.1384122371673584
753,0.32453131675720215,0.24305585026741028,5.647835012067188,0.5385609269142151
754,0.19202765822410583,0.10652625560760498,5.0757528632914015,1.1758109331130981
755,0.34917551279067993,0.21495185792446136,3.7189485520783236,-0.29055437445640564
756,0.05559810250997543,0.043522272258996964,3.6581698265457323,3.184147834777832
757,0.33764955401420593,0.13765044510364532,4.970277706478739,0.3659723401069641
758,0.3168495297431946,0.17389772832393646,5.659401988030629,0.5840166807174683
759,0.38151317834854126,0.16877327859401703,6.778416293222953,0.7263128161430359
760,0.13205493986606598,0.16590681672096252,3.8717604769736798,1.9906764030456543
761,0.14389365911483765,0.12641187012195587,3.685069375623575,1.8400381803512573
762,0.24302174150943756,0.10799257457256317,5.012713953666026,0.3461134433746338
763,0.22944276034832,0.17764301598072052,4.316412468636965,0.2345791757106781
764,0.29709354043006897,0.1461000293493271,6.969399429267395,0.8357685208320618
765,0.21747110784053802,0.14419244229793549,4.71450273879038,1.5854368209838867
766,0.2556461989879608,0.12799912691116333,4.558665283115977,0.6980955600738525
767,0.23958520591259003,0.1320294588804245,5.000747311229118,0.9053797125816345
768,0.2375766932964325,0.21143758296966553,3.2830936158087365,0.8945457935333252
769,0.1222895011305809,0.07735934108495712,5.07253926293827,0.9437886476516724
770,0.14046062529087067,0.19625315070152283,3.1958227068597598,1.7016499042510986
771,0.39970970153808594,0.20360441505908966,4.150904747444714,-0.15904903411865234
772,0.3071928322315216,0.1771986335515976,5.648362054653363,0.5897539258003235
773,0.44538405537605286,0.1936645209789276,5.719067861761607,0.15380801260471344
774,0.09437616169452667,0.09019254893064499,3.992619882780832,1.1283615827560425
775,0.14286795258522034,0.0784498080611229,5.555964595704307,0.636004626750946
776,0.29527366161346436,0.18628105521202087,4.628443985763853,0.2929680645465851
777,0.2959088087081909,0.20160579681396484,6.5854284813472725,0.5987399220466614
778,0.11645060777664185,0.058467984199523926,5.185977741410832,0.8295175433158875
779,0.3195917010307312,0.13387487828731537,4.998270567909522,0.4371509552001953
780,0.21779683232307434,0.11764927208423615,5.076013550723002,-0.16067704558372498
781,0.3443966209888458,0.20063015818595886,5.500244768872098,0.28734028339385986
782,0.3303324580192566,0.2123105525970459,5.162768649954749,0.480733722448349
783,0.15682606399059296,0.06726688146591187,4.278025671931,1.5704232454299927
784,0.056957755237817764,0.06261473149061203,2.8094293467879785,1.9742182493209839
785,0.23617534339427948,0.22643232345581055,4.887795368781672,0.9980514645576477
786,0.08869368582963943,0.08010644465684891,3.9942126351792457,1.503435492515564
787,0.3151323199272156,0.17970998585224152,6.247335495346744,0.2602933943271637
788,0.23251782357692719,0.13073377311229706,4.641222675153454,1.0174754858016968
789,0.39145925641059875,0.17348302900791168,4.477141413790854,0.5918078422546387
790,0.2237289845943451,0.12400991469621658,4.401664879620369,0.9623185992240906
791,0.2475043386220932,0.11144477128982544,4.9928853340777195,0.4072420299053192
792,0.120916947722435,0.14637541770935059,3.53978441008827,1.7648440599441528
793,0.23554563522338867,0.1039239764213562,4.619349589607747,1.4098297357559204
794,0.15407337248325348,0.06644318252801895,4.261644863893981,1.599133014678955
795,0.06090225279331207,0.0414099246263504,4.778586459963301,2.510087251663208
796,0.19739225506782532,0.21228227019309998,4.213806061562591,1.429240107536316
797,0.11004956811666489,0.08963499218225479,5.102611843069924,1.6321558952331543
798,0.25579211115837097,0.13103850185871124,4.580862497359971,0.781423807144165
799,0.27570152282714844,0.12729457020759583,4.600744041270963,0.6477479934692383
800,0.24534203112125397,0.13460516929626465,4.66773200266793,0.98283451795578
801,0.16184763610363007,0.08952085673809052,5.0510903527669075,1.5308078527450562
802,0.3747621774673462,0.235985666513443,5.079554340488439,0.5469092726707458
803,0.16403427720069885,0.09066487103700638,4.989261653492058,1.619317650794983
804,0.42199617624282837,0.2115507423877716,5.050589855056934,-0.3865221440792084
805,0.2561303377151489,0.14079231023788452,5.0390244956137975,0.938799262046814
806,0.12019980698823929,0.07308298349380493,3.284402992267962,1.74825918674469
807,0.36157283186912537,0.1972273737192154,5.980024596264538,0.36870014667510986
808,0.22676217555999756,0.19529491662979126,4.399356465893331,0.6840837001800537
809,0.09111220389604568,0.07559894025325775,4.998056202444421,2.369288206100464
810,0.06416106969118118,0.07099868357181549,4.286309939924598,4.330844879150391
811,0.33168846368789673,0.16751855611801147,3.859738711374442,0.31254640221595764
812,0.3281153738498688,0.14235380291938782,4.9233595232743275,0.48804619908332825
813,0.1587192267179489,0.15362481772899628,3.0810600801110137,0.7035481333732605
814,0.35882091522216797,0.1988079994916916,4.5636685632919844,0.07265123724937439
815,0.42495083808898926,0.21596866846084595,4.782781939136366,-0.18673712015151978
816,0.07354509830474854,0.06386249512434006,3.2307094791450934,4.057985782623291
817,0.13662594556808472,0.074754498898983,4.603983665591979,0.5588684678077698
818,0.1176048070192337,0.06683629006147385,3.653297793985858,0.23756520450115204
819,0.3468441069126129,0.15453527867794037,5.735404103315394,0.5658482313156128
820,0.22395648062229156,0.2131679356098175,4.513016347163355,0.5828157067298889
821,0.049106352031230927,0.021665899083018303,3.1358420581014417,1.037422776222229
822,0.11743465065956116,0.12425101548433304,3.811401111449925,1.09706711769104
823,0.3130975067615509,0.132380872964859,4.953550766570357,0.47805649042129517
824,0.3685991168022156,0.19790369272232056,6.12027742317335,0.2837587594985962
825,0.06577104330062866,0.03725026920437813,3.815382741096948,0.6095235347747803
826,0.2509843707084656,0.23418952524662018,4.472902332011912,0.46729445457458496
827,0.433645635843277,0.262971967458725,5.150698764547121,0.28144192695617676
828,0.3685019910335541,0.14170756936073303,4.986474162949207,0.39566174149513245
829,0.13155895471572876,0.17575761675834656,3.6317857648177236,2.0346572399139404
830,0.40628111362457275,0.27994129061698914,5.237517130132856,0.16586975753307343
831,0.44858166575431824,0.1344730705022812,3.8585083313677315,-0.2921844720840454
832,0.190179243683815,0.10328155010938644,4.0244394156010825,1.9286954402923584
833,0.28035274147987366,0.21344707906246185,4.115329074057116,0.9061598777770996
834,0.2568695545196533,0.13863599300384521,4.832597991569365,0.9264577627182007
835,0.1848471462726593,0.08579973876476288,4.752902550819443,0.7771464586257935
836,0.5725670456886292,0.28825023770332336,4.683442183587879,-0.514069139957428
837,0.19043074548244476,0.1328410655260086,4.976484267182836,0.5936416387557983
838,0.12009387463331223,0.1244388222694397,3.681947649982204,1.9117876291275024
839,0.3031596839427948,0.15716193616390228,4.156805173858711,-0.2546989619731903
840,0.09572760760784149,0.09653899818658829,3.933511911170234,1.2663145065307617
841,0.3206721246242523,0.17127734422683716,3.88365445810331,0.34884119033813477
842,0.03339068591594696,0.03820611536502838,4.029483108576662,14.942458152770996
843,0.17189167439937592,0.1434631496667862,4.133928873530766,1.4985482692718506
844,0.11409719288349152,0.08831728249788284,5.110938085123411,1.6313022375106812
845,0.09792517870664597,0.08459842950105667,4.656100121801645,1.2224905490875244
846,0.36214807629585266,0.24179105460643768,5.826432283172092,0.17282110452651978
847,0.2975081503391266,0.17434927821159363,4.813563625754913,0.7729840874671936
848,0.4052179753780365,0.12627361714839935,4.127026497254666,-0.22094818949699402
849,0.11169330030679703,0.15139494836330414,5.017866577867179,2.013735294342041
850,0.3096354305744171,0.13899563252925873,4.883434361813749,-0.22919714450836182
851,0.24887539446353912,0.17879772186279297,5.825862142538598,1.0635019540786743
852,0.22638224065303802,0.2214827537536621,4.038382378324977,1.1129142045974731
853,0.34778010845184326,0.20294493436813354,5.515971486947882,0.2872909605503082
854,0.06593899428844452,0.07218900322914124,4.358186376964319,4.231074333190918
855,0.448496550321579,0.11781052500009537,4.564320737961694,-0.5107983946800232
856,0.43396514654159546,0.1610216498374939,5.71157894076913,-0.08288905769586563
857,0.1460687816143036,0.07982997596263885,5.582973827568004,0.6192514300346375
858,0.22478845715522766,0.1595049649477005,3.945283030253413,1.2668238878250122
859,0.24821874499320984,0.14181211590766907,4.965682146404639,0.9801514744758606
860,0.07999708503484726,0.060619547963142395,4.030023330395942,0.7056581974029541
861,0.0660758763551712,0.06101130694150925,4.2536466409786025,0.6601014733314514
862,0.059423185884952545,0.06503059715032578,3.9044055657068006,3.316915988922119
863,0.31190580129623413,0.13419273495674133,4.90724327960784,0.5884945392608643
864,0.19523265957832336,0.15915308892726898,3.39218146276104,0.6413463354110718
865,0.41010764241218567,0.20788897573947906,5.051128635429808,-0.38914453983306885
866,0.18578173220157623,0.1502581387758255,3.0839574984011313,0.7485436201095581
867,0.35013189911842346,0.098286472260952,4.137103070282125,-0.10272178798913956
868,0.2820996344089508,0.15984319150447845,5.204320898526024,0.08472290635108948
869,0.15652646124362946,0.06899797916412354,4.835784727254516,0.753814697265625
870,0.19596970081329346,0.21360796689987183,5.4361441885346204,1.914433479309082
871,0.4939446747303009,0.22020180523395538,5.0601010120141705,-0.15460485219955444
872,0.15050047636032104,0.14431414008140564,4.305644884403694,1.5152842998504639
873,0.18544243276119232,0.17914201319217682,4.466415328408499,2.1170616149902344
874,0.24612082540988922,0.13572603464126587,4.965735331803212,0.9450402855873108
875,0.32655537128448486,0.17718695104122162,4.480773568420884,0.013042930513620377
876,0.2671494781970978,0.18314220011234283,3.4314625208232865,0.4852598309516907
877,0.043071962893009186,0.10306944698095322,3.6101917395562526,4.997122764587402
878,0.08089417219161987,0.11763567477464676,2.764633576929123,2.8666064739227295
879,0.2650279402732849,0.1374446302652359,4.757038950516738,0.836116373538971
880,0.24764475226402283,0.11464191228151321,5.323880852474106,0.11118774861097336
881,0.1347200870513916,0.19488181173801422,3.475616053192458,1.8021522760391235
882,0.1882130652666092,0.10711755603551865,3.074584029373911,0.6461436152458191
883,0.37582385540008545,0.17600560188293457,5.212682173005248,-0.1139981672167778
884,0.2719421684741974,0.19105355441570282,5.233150969022198,0.9085645079612732
885,0.2877088785171509,0.16860273480415344,5.369368142971893,0.8061221837997437
886,0.26875534653663635,0.24928170442581177,5.4210612321572045,0.7640371322631836
887,0.055320605635643005,0.0527045801281929,4.479161446085653,1.8346843719482422
888,0.2541266679763794,0.13556240499019623,4.907449660901083,0.8903551697731018
889,0.0770176574587822,0.04485615715384483,3.7103880387837935,0.6618661284446716
890,0.21005918085575104,0.18599741160869598,3.2952632406864395,0.8811946511268616
891,0.1082179918885231,0.1580667346715927,3.048899679908801,2.1283340454101562
892,0.26993468403816223,0.14499235153198242,4.905526090259349,0.840147852897644
893,0.14935143291950226,0.15987230837345123,4.667830896351091,1.366111159324646
894,0.23752950131893158,0.1399272084236145,4.816412026406322,1.0808384418487549
895,0.3562019169330597,0.22273845970630646,4.289448758695792,0.01031873282045126
896,0.10549584776163101,0.08972443640232086,3.8069701140921874,2.380042552947998
897,0.4194123446941376,0.14906321465969086,5.687530230282817,-0.04783792421221733
898,0.08121371269226074,0.07847004383802414,4.01646328102156,3.1736607551574707
899,0.2366914600133896,0.13991162180900574,5.121692819618017,0.3563782274723053
900,0.1963558793067932,0.08358482271432877,4.748646582448521,1.1261762380599976
901,0.26020190119743347,0.1511940062046051,4.985424627320404,1.0202513933181763
902,0.5018974542617798,0.3015427887439728,5.80638927172906,0.29608646035194397
903,0.3327099084854126,0.14310386776924133,5.5941581768573565,0.1689850091934204
904,0.1658211648464203,0.13939860463142395,3.2939682654006757,1.6800594329833984
905,0.32827335596084595,0.13975699245929718,5.602279000128328,0.01680787466466427
906,0.27281633019447327,0.13602866232395172,4.55233495313492,0.7008486390113831
907,0.12327560782432556,0.08117090910673141,4.2776320380776,1.6837395429611206
908,0.24360930919647217,0.1629353016614914,4.609810169523209,0.3450853228569031
909,0.1866273283958435,0.112115278840065,3.9030701479564898,0.6550064086914062
910,0.3742445111274719,0.19225268065929413,6.4177266718657195,0.09606385231018066
911,0.12540169060230255,0.09675202518701553,5.069384812420538,0.9962918162345886
912,0.3600936830043793,0.15119028091430664,5.703320465644859,0.5973168015480042
913,0.12202401459217072,0.03925960138440132,4.321565611055022,1.898066520690918
914,0.3489576578140259,0.20822696387767792,4.493799210965852,0.05524624139070511
915,0.1841660737991333,0.21120090782642365,4.343405411358408,0.9892667531967163
916,0.0453309565782547,0.02990875579416752,2.4075360456836483,2.3223876953125
917,0.343423455953598,0.1516008973121643,5.771458395386219,0.584062397480011
918,0.40687301754951477,0.1623929738998413,6.162486375183531,-0.2547570765018463
919,0.3723915219306946,0.19283492863178253,4.246079991477972,0.061080753803253174
920,0.24460995197296143,0.13577695190906525,2.907027923413469,0.3258945643901825
921,0.05214037001132965,0.038424815982580185,4.189959442605946,5.306792736053467
922,0.2282097190618515,0.12890619039535522,4.645577219768767,1.0248388051986694
923,0.14618618786334991,0.19865846633911133,3.2031582018261986,1.7630270719528198
924,0.44807499647140503,0.23025789856910706,5.048553604330604,-0.29306870698928833
925,0.23921844363212585,0.1325904279947281,4.931424039903922,0.9291651844978333
926,0.3438968062400818,0.17864824831485748,4.241023423830224,0.06706885248422623
927,0.2697615325450897,0.11203502863645554,5.948873364634893,-0.17091244459152222
928,0.3344933092594147,0.214719757437706,4.9515056568709115,0.6588296294212341
929,0.050379715859889984,0.06958459317684174,2.4904656077212652,2.8743293285369873
930,0.20485937595367432,0.14916162192821503,5.544081005214195,2.219435453414917
931,0.33547836542129517,0.1726129949092865,3.6608845907178442,-0.09670157730579376
932,0.1744394153356552,0.09636697918176651,5.054878956416273,1.5104577541351318
933,0.019591836258769035,0.03312665969133377,0.9447584625373016,1.6661087274551392
934,0.3619866669178009,0.22876755893230438,5.051189062481574,0.5480128526687622
935,0.17694693803787231,0.09721837937831879,4.584759925375881,0.8802152872085571
936,0.33405256271362305,0.19200488924980164,6.492264503883862,0.5626248717308044
937,0.27853184938430786,0.14923541247844696,4.914876092971038,0.8713737726211548
938,0.20970280468463898,0.1234649270772934,3.8541567371380903,0.3859613835811615
939,0.09804290533065796,0.13735105097293854,3.4223995847585225,3.4991114139556885
940,0.1411401480436325,0.12395930290222168,3.6987022753903087,1.8308943510055542
941,0.26812416315078735,0.14029709994792938,4.8109426507220245,0.8486030101776123
942,0.43092605471611023,0.18039141595363617,4.5967764511260505,0.22979886829853058
943,0.3583628237247467,0.1542694866657257,5.4438725018977445,0.27693769335746765
944,0.22709983587265015,0.16697955131530762,4.809009211409565,1.0088392496109009
945,0.4296324849128723,0.11962848156690598,4.535906570659288,-0.47377973794937134
946,0.11370709538459778,0.11499956995248795,3.765519075311126,1.3196361064910889
947,0.2899865210056305,0.22407233715057373,5.875587373241352,0.3297185003757477
948,0.3047839105129242,0.16744230687618256,5.550167308919426,0.6181952953338623
949,0.272001713514328,0.16122624278068542,5.888170563211351,0.8805869221687317
950,0.3216870427131653,0.13171443343162537,4.98088430614762,0.37934550642967224
951,0.32260453701019287,0.13636642694473267,4.915246687496363,0.5066266059875488
952,0.28160032629966736,0.1614406704902649,4.915885725465319,0.8712822794914246
953,0.16803966462612152,0.13354067504405975,4.023398185828715,1.6784100532531738
954,0.16411444544792175,0.21049362421035767,4.4179159088705084,1.4792381525039673
955,0.40053898096084595,0.17024531960487366,5.087597206295455,0.12559759616851807
956,0.5888857245445251,0.23385393619537354,4.809594327796911,-0.11942905187606812
957,0.3571426570415497,0.20367762446403503,5.253976083054771,0.171695277094841
958,0.27345970273017883,0.14208893477916718,4.215383537125337,-0.2519238591194153
959,0.2610826790332794,0.1395423263311386,4.8450788465052,0.8882393836975098
960,0.23033714294433594,0.12015417218208313,4.4766100927596995,-0.34025704860687256
961,0.13837343454360962,0.15926457941532135,3.9521510881493978,1.8177309036254883
962,0.3418149948120117,0.19861960411071777,5.5077726359177825,0.28617584705352783
963,0.22007720172405243,0.1687147617340088,2.744736768420403,0.9442097544670105
964,0.26572346687316895,0.18976923823356628,6.537533375189225,0.6086344122886658
965,0.12620970606803894,0.0693163350224495,2.8887032181353915,0.9245032072067261
966,0.43273788690567017,0.3105930685997009,5.859930122157286,0.44893679022789
967,0.11838441342115402,0.03856966271996498,4.263214927594437,2.0086567401885986
968,0.18674613535404205,0.19496390223503113,4.057094505619273,1.5879496335983276
969,0.3547079861164093,0.16445374488830566,5.372711919425783,-0.519501268863678
970,0.24053995311260223,0.1533215343952179,4.216955056701343,0.15901201963424683
971,0.17291094362735748,0.10757453739643097,5.068227454558458,0.9117283225059509
972,0.39698660373687744,0.19085751473903656,4.552063539738327,-0.3881121873855591
973,0.24300816655158997,0.18630751967430115,4.151932976359454,0.8016111254692078
974,0.05321294814348221,0.06575821340084076,2.8558846914087455,6.297318935394287
975,0.3080390691757202,0.12963999807834625,4.974368560479275,0.45852917432785034
976,0.2832869291305542,0.18949899077415466,5.173304426902528,-0.004132823087275028
977,0.10221172124147415,0.07112229615449905,4.9535129529861335,0.6418398022651672
978,0.3356357216835022,0.1405436098575592,4.906352601465381,0.5109117031097412
979,0.361369252204895,0.1853378713130951,5.992461918179171,0.4710415303707123
980,0.414019912481308,0.14879854023456573,5.833359808277196,-0.13381850719451904
981,0.3119776248931885,0.23803047835826874,4.230703034486968,0.4403342306613922
982,0.2582760453224182,0.1475628763437271,5.179976638012381,1.0330359935760498
983,0.27183884382247925,0.14052952826023102,4.7641810315674515,0.8072313070297241
984,0.10395828634500504,0.08671949058771133,4.605321655485379,1.3484612703323364
985,0.29732078313827515,0.1369664967060089,4.5827004890338605,0.6239824295043945
986,0.08834735304117203,0.10798019170761108,4.30495639777381,2.303391218185425
987,0.2700871229171753,0.1444321572780609,4.84235316398015,0.8694465756416321
988,0.32104647159576416,0.13469058275222778,4.958483762395158,0.4243971109390259
989,0.15777620673179626,0.1431046426296234,5.328870358304753,0.6808706521987915
990,0.3650955259799957,0.2430061250925064,5.808843956510429,0.173678457736969
991,0.21904273331165314,0.1631167083978653,4.795523093949574,1.018685221672058
992,0.44448840618133545,0.15249969065189362,5.755178806311936,-0.2929598391056061
993,0.05566732957959175,0.052204519510269165,4.463193778278604,1.8558236360549927
994,0.21146167814731598,0.20023563504219055,5.28289323788119,1.183605432510376
995,0.33170509338378906,0.15485258400440216,5.026641790407079,1.0354582071304321
996,0.2232065051794052,0.1537286639213562,5.094003488229003,0.34506717324256897
997,0.10783860832452774,0.10816364735364914,4.1603943087161355,0.6969215273857117
998,0.2500354051589966,0.12488055229187012,4.555163587159689,0.6953818798065186
999,0.2627275288105011,0.1433875411748886,4.958070855424733,0.879288911819458
1000,0.19620227813720703,0.0880684033036232,4.741047830904016,1.1280462741851807
1001,0.295250803232193,0.14649802446365356,6.963381884435178,0.8440030813217163
1002,0.0892978385090828,0.0890827625989914,3.7657281661499957,1.5427380800247192
1003,0.10263635963201523,0.03498159721493721,4.1597637349513885,0.0056783175095915794
1004,0.05005311593413353,0.03438952937722206,3.0719742362748503,2.3357791900634766
1005,0.11235564202070236,0.08648411184549332,3.741074760451679,2.3402557373046875
1006,0.2362702190876007,0.12627379596233368,4.832718645539526,0.8837677836418152
1007,0.2900940179824829,0.1701534539461136,4.809116302111173,0.773766815662384
1008,0.0815662071108818,0.07752276957035065,3.653270919042178,1.6836103200912476
1009,0.12680214643478394,0.15788552165031433,3.766728193009327,1.9591435194015503
1010,0.25008368492126465,0.13311874866485596,4.835247317373403,0.8780440092086792
1011,0.26433253288269043,0.13327686488628387,4.777441959457323,0.7936766147613525
1012,0.1187305673956871,0.09710638225078583,5.05075997540636,1.0051335096359253
1013,0.27593767642974854,0.18627944588661194,2.8564302826205203,0.30144670605659485
1014,0.20596864819526672,0.10489276051521301,5.565636405740992,0.8030868768692017
1015,0.20991700887680054,0.08901072293519974,4.261271209733791,0.6601738333702087
1016,0.3487224578857422,0.15100663900375366,4.926904194297519,0.45836517214775085
1017,0.1662442535161972,0.1705428808927536,4.047344372063928,1.7150249481201172
1018,0.11940918117761612,0.15364135801792145,3.727794895972354,1.7896618843078613
1019,0.35563865303993225,0.25805413722991943,7.3200596545675545,0.3510390818119049
1020,0.18036766350269318,0.11182285845279694,3.4140085975338916,1.0704808235168457
1021,0.15504327416419983,0.1583496332168579,4.087431182410257,1.478065848350525
1022,0.2121942937374115,0.13554130494594574,3.8973719833507787,0.6980018019676208
1023,0.19870974123477936,0.14039741456508636,4.674507401510022,1.1803580522537231
1024,0.06110499054193497,0.0674692839384079,3.3795393404201026,2.2921142578125
1025,0.0386851467192173,0.09072159230709076,3.2853444457127656,5.681304454803467
1026,0.3241771459579468,0.14021433889865875,4.90407909058094,0.4587215483188629
1027,0.24240127205848694,0.12723438441753387,4.043572875028253,0.8296194076538086
1028,0.11839091032743454,0.06996937096118927,5.528112261481703,0.8090984225273132
1029,0.25508424639701843,0.15559959411621094,4.211585677664553,0.07106510549783707
1030,0.2184424102306366,0.14324399828910828,4.706880735452912,1.5806102752685547
1031,0.16312895715236664,0.13303181529045105,5.53654629446391,0.9889082312583923
1032,0.46742933988571167,0.1947547197341919,4.40562316439709,0.3704744875431061
1033,0.07333840429782867,0.06990785896778107,4.636394305648666,2.0195446014404297
1034,0.2756842076778412,0.22968225181102753,4.594033069429076,0.5812349319458008
1035,0.19091928005218506,0.2351665496826172,3.951801422922138,1.196000576019287
1036,0.08796466886997223,0.060642682015895844,4.132755708190087,0.6309601068496704
1037,0.18785762786865234,0.13242070376873016,4.969797590190908,0.5978359580039978
1038,0.04357794299721718,0.10239467769861221,3.647961406485671,4.935679912567139
1039,0.11559388041496277,0.06858927011489868,5.6046042904461775,0.7758927345275879
1040,0.3122711181640625,0.20231479406356812,6.674257242446526,0.8201149702072144
1041,0.261297345161438,0.1996058225631714,4.14687595614228,0.7953593134880066
1042,0.09921649098396301,0.09576436877250671,3.4826735734045484,0.543174684047699
1043,0.3536278009414673,0.28379586338996887,4.51659392566933,0.2975078225135803
1044,0.18935813009738922,0.2173471748828888,5.420041351630566,1.9142564535140991
1045,0.21925362944602966,0.14440377056598663,5.015345480022249,0.34351909160614014
1046,0.27477920055389404,0.1570807844400406,4.9455879015433295,0.9933977127075195
1047,0.20602962374687195,0.11331836879253387,4.397705363147987,0.9521324634552002
1048,0.15340691804885864,0.163969025015831,4.282121790006909,1.715194582939148
1049,0.04563043639063835,0.03266802430152893,3.460864896861677,1.3609397411346436
1050,0.20104123651981354,0.16561292111873627,4.249599063396879,1.6435438394546509
1051,0.29328519105911255,0.1249668300151825,4.94255775832954,0.4849897623062134
1052,0.184971421957016,0.0974474847316742,5.058886867377273,1.2340476512908936
1053,0.17485655844211578,0.160194531083107,5.282798011375881,1.1727229356765747
1054,0.04241397604346275,0.0308984462171793,3.3510085130857608,1.574155569076538
1055,0.2503208518028259,0.2220219373703003,4.652211611546579,0.41478925943374634
1056,0.39600062370300293,0.14441369473934174,5.7727634070739935,-0.14539846777915955
1057,0.10869388282299042,0.12232112139463425,2.2269785847308783,2.5804269313812256
1058,0.2878199517726898,0.1272859424352646,4.904401539219536,-0.7082965970039368
1059,0.2682397961616516,0.17804624140262604,5.436141776483983,0.8994315266609192
1060,0.3299141526222229,0.13727056980133057,4.960325378693302,0.428341805934906
1061,0.06787099689245224,0.03499516099691391,3.850054593150868,0.6550969481468201
1062,0.33574068546295166,0.20788045227527618,4.235686271347584,0.02110803872346878
1063,0.36666905879974365,0.2109612077474594,4.255472496280386,-0.051908399909734726
1064,0.2582165598869324,0.16545023024082184,5.485864667747578,1.9335271120071411
1065,0.34234103560447693,0.1871388852596283,5.254011112673667,0.14683452248573303
1066,0.2406158596277237,0.1317027062177658,4.69488342193172,0.9797755479812622
1067,0.1266358345746994,0.14676541090011597,2.749175835978251,2.6748881340026855
1068,0.3020418882369995,0.1611754149198532,5.719454383156743,0.593170166015625
1069,0.44789591431617737,0.1350039392709732,5.4991788773872665,-0.2640208899974823
1070,0.24782098829746246,0.13044437766075134,4.787513197158247,0.843788743019104
1071,0.10761565715074539,0.052156057208776474,4.351711088755912,-0.04230688139796257
1072,0.04897841066122055,0.04187570512294769,4.778691057263431,1.768649697303772
1073,0.11709877103567123,0.145362988114357,3.675606759534692,1.8028051853179932
1074,0.43251746892929077,0.310062974691391,5.863141425866253,0.44978803396224976
1075,0.2925567030906677,0.17040859162807465,5.240123734834836,1.0333398580551147
1076,0.27785611152648926,0.1382198929786682,4.545091503118998,0.6854603290557861
1077,0.2866078317165375,0.12468814849853516,4.57102404579229,0.4625377357006073
1078,0.4246804118156433,0.2081049531698227,4.87601417146086,0.14850004017353058
1079,0.2622779309749603,0.1243046224117279,4.9331273564409965,0.6581613421440125
1080,0.03587851673364639,0.03983955830335617,1.370376492134077,1.353971242904663
1081,0.17746873199939728,0.14989495277404785,5.105528014240161,1.1024470329284668
1082,0.08614051342010498,0.03873115032911301,4.538153540563977,1.6472795009613037
1083,0.25940176844596863,0.1680976152420044,5.546132389095819,1.917673110961914
1084,0.1992991715669632,0.10364151746034622,4.839809160952876,0.3952539563179016
1085,0.13860225677490234,0.08072532713413239,4.882530819604271,0.422402560710907
1086,0.2517864406108856,0.1643030196428299,5.440182534667681,0.971257746219635
1087,0.24405905604362488,0.14710749685764313,4.029617351020147,0.6247110366821289
1088,0.16459183394908905,0.15897704660892487,3.43663140934718,1.765411376953125
1089,0.29523342847824097,0.16923613846302032,4.5442822973348616,-0.13950221240520477
1090,0.08736396580934525,0.05283069983124733,3.2823345539972184,1.773285984992981
1091,0.3205777108669281,0.1358499377965927,4.940049860679009,0.4807555675506592
1092,0.038407471030950546,0.09019320458173752,3.277665655504219,5.682510852813721
1093,0.3711211085319519,0.20046965777873993,5.252668592495883,0.16586580872535706
1094,0.06452915072441101,0.0582696795463562,2.717576576519295,3.2963125705718994
1095,0.33066532015800476,0.2525636553764343,4.359263150057616,0.41514092683792114
1096,0.060334693640470505,0.04153896123170853,4.788795803334559,2.4853196144104004
1097,0.26545149087905884,0.1595413088798523,5.046591147771565,0.9854708313941956
1098,0.3910273313522339,0.15600170195102692,5.719753956756972,0.36835235357284546
1099,0.22883263230323792,0.1251799613237381,4.699861236880954,0.9929336905479431
1100,0.2333473265171051,0.1059667319059372,4.648869433385542,1.3622820377349854
1101,0.21920838952064514,0.13598790764808655,3.9642056339124787,-0.022375566884875298
1102,0.2382163256406784,0.12994210422039032,4.570638558726262,0.8613646030426025
1103,0.6132688522338867,0.2798158526420593,5.085892681139604,-0.5985000729560852
1104,0.39973488450050354,0.15538492798805237,5.778307836891334,-0.04931068420410156
1105,0.24790912866592407,0.23450066149234772,5.443186618196541,1.0302238464355469
1106,0.34218505024909973,0.19106459617614746,6.321495286683529,0.37294891476631165
1107,0.3029116690158844,0.18503889441490173,5.64971203761045,0.521691083908081
1108,0.26514390110969543,0.24569949507713318,5.422622429327476,0.7623833417892456
1109,0.2598298490047455,0.1933705359697342,5.216507512312506,0.9189116954803467
1110,0.3090170919895172,0.23634013533592224,4.2192087121518105,0.44620081782341003
1111,0.12109632045030594,0.07705055922269821,5.078020377285428,0.9590115547180176
1112,0.3241887390613556,0.15868709981441498,5.066635605682756,1.013311505317688
1113,0.24298593401908875,0.14997456967830658,5.123784722593838,0.3590063154697418
1114,0.4166513979434967,0.14951388537883759,5.873313209335282,-0.1786997765302658
1115,0.2889004349708557,0.17795610427856445,4.5175841481494174,-0.09912469238042831
1116,0.24431239068508148,0.1100969910621643,4.9756525476199185,0.4045630693435669
1117,0.40114936232566833,0.25878769159317017,5.201475893228403,0.08234407752752304
1118,0.21494030952453613,0.11203174293041229,4.507392758508107,-0.3708309531211853
1119,0.33020439743995667,0.15139654278755188,3.676717082277061,0.374102920293808
1120,0.45490866899490356,0.19147366285324097,4.596429447887796,0.22851945459842682
1121,0.2594028413295746,0.13840153813362122,4.612469421166253,0.7903253436088562
1122,0.10832259804010391,0.06140400096774101,3.662729215832209,0.24631577730178833
1123,0.3251325190067291,0.13802982866764069,4.96283111088484,0.48710671067237854
1124,0.07805003225803375,0.08584514260292053,4.595722247934108,1.3684114217758179
1125,0.17983444035053253,0.08380808681249619,4.75372598894253,0.7880397439002991
1126,0.3222813010215759,0.1384286880493164,4.898271840859137,0.5933024287223816
1127,0.24972860515117645,0.23637667298316956,5.436654807217381,1.0323081016540527
1128,0.06424024701118469,0.040806666016578674,4.792181377501592,2.5078794956207275
1129,0.2746976912021637,0.14208388328552246,4.631837107936504,0.787627637386322
1130,0.2116423398256302,0.12415213137865067,3.860674599625942,0.3737500011920929
1131,0.17403815686702728,0.15961645543575287,5.2754510532751775,1.174162745475769
1132,0.06352896243333817,0.06065276637673378,4.636996111139158,2.096287727355957
1133,0.25177672505378723,0.17190009355545044,3.4298441574195864,0.4777325987815857
1134,0.24304208159446716,0.12341375648975372,4.7950589250883535,0.7860060334205627
1135,0.14565004408359528,0.15781281888484955,4.160114868394617,1.7484078407287598
1136,0.3431752622127533,0.16534827649593353,5.288979150323816,0.13925348222255707
1137,0.30825531482696533,0.13140438497066498,5.5972441551446375,0.04296492785215378
1138,0.3348769247531891,0.13714560866355896,4.989892458388049,0.3689045011997223
1139,0.2543555200099945,0.1684638112783432,5.551943230737879,0.9453743100166321
1140,0.09295717626810074,0.05363908410072327,3.2215244253487834,1.2272173166275024
1141,0.22028492391109467,0.11769600957632065,5.115019987431709,-0.16407883167266846
1142,0.616790235042572,0.28037896752357483,5.092513360027522,-0.5896834135055542
1143,0.26532086730003357,0.14159780740737915,4.642307578313625,0.7915399670600891
1144,0.18701602518558502,0.09591293334960938,4.783383018218192,-0.24085260927677155
1145,0.37487176060676575,0.1406489461660385,5.578022226754818,0.1434212177991867
1146,0.212850883603096,0.13167501986026764,4.192607456412697,0.6510697603225708
1147,0.12653757631778717,0.10444720089435577,4.034894625935736,0.36100292205810547
1148,0.26579469442367554,0.14739404618740082,5.076329960094794,0.9619134664535522
1149,0.08434949070215225,0.05224514380097389,3.068450067804673,2.0363101959228516
1150,0.282805860042572,0.15200410783290863,5.0004523482382455,0.9284921884536743
1151,0.18368281424045563,0.18041859567165375,4.470957691183652,2.119025945663452
1152,0.2027801275253296,0.12687775492668152,5.397218864911222,1.1468086242675781
1153,0.3197788894176483,0.16239066421985626,4.673247173476788,0.6119842529296875
1154,0.1758703589439392,0.0999092236161232,3.8675028457797924,0.5168201923370361
1155,0.11494314670562744,0.1426919400691986,3.684277830577373,1.7973201274871826
1156,0.09793535619974136,0.14155611395835876,3.5513023781744946,2.982933521270752
1157,0.12318383902311325,0.12534737586975098,4.104928912173532,1.4647748470306396
1158,0.38712209463119507,0.1576412320137024,5.886711683438943,-0.1935034841299057
1159,0.25846511125564575,0.13729089498519897,4.602819727052851,0.7703930139541626
1160,0.1760414093732834,0.14720343053340912,5.359608105203049,2.1641969680786133
1161,0.1625559777021408,0.1324280947446823,5.543105685875791,0.9917099475860596
1162,0.08547196537256241,0.13892559707164764,3.9215068620675444,2.2253634929656982
1163,0.2556677758693695,0.13477492332458496,4.777100253396144,0.8598029017448425
1164,0.24143348634243011,0.21771280467510223,5.500440310448485,1.1992344856262207
1165,0.12368635088205338,0.07449185848236084,5.685455255796029,0.7604559063911438
1166,0.3269127607345581,0.13820907473564148,4.908740551477435,0.4978051483631134
1167,0.11290241032838821,0.061953216791152954,4.596318544171905,0.5543413162231445
1168,0.2378317266702652,0.13398347795009613,2.800140889577424,0.29473501443862915
1169,0.4283904433250427,0.2954578697681427,4.790004879876768,0.37467747926712036
1170,0.342168927192688,0.20425622165203094,4.911093807734719,0.672412097454071
1171,0.3844226896762848,0.23267200589179993,5.2221204550814795,0.4159703552722931
1172,0.06934648007154465,0.06863421201705933,3.338448650270793,1.9815871715545654
1173,0.27296650409698486,0.17428019642829895,4.835739609019946,0.594296395778656
1174,0.16559560596942902,0.10993235558271408,5.335213660988745,1.4065724611282349
1175,0.14540599286556244,0.126993328332901,4.97278043323343,1.1912825107574463
1176,0.36251235008239746,0.22195416688919067,4.812546650957931,0.3460930585861206
1177,0.25128674507141113,0.16271859407424927,5.075160825204368,1.1841468811035156
1178,0.09764311462640762,0.06773111969232559,4.071524490321044,1.270923137664795
1179,0.3784552216529846,0.13426914811134338,5.082322200511559,-0.5071163773536682
1180,0.3392293453216553,0.2439465969800949,4.4121842673954585,0.36464452743530273
1181,0.20362165570259094,0.11068230867385864,5.305314481097706,1.0579781532287598
1182,0.11742772907018661,0.0864536389708519,5.206615299248119,0.785331130027771
1183,0.4623154103755951,0.1427636742591858,5.5267405828077045,-0.20527411997318268
1184,0.23965881764888763,0.12976734340190887,4.840062768035264,0.9165638089179993
1185,0.1865479201078415,0.10034137219190598,6.159956222701482,1.054295539855957
1186,0.34420153498649597,0.1454540640115738,5.721515966525456,0.6348791122436523
1187,0.3158215582370758,0.15794485807418823,4.553920321160694,0.7835850119590759
1188,0.3453899919986725,0.2725367546081543,5.168709486575738,0.20089243352413177
1189,0.23914289474487305,0.14735354483127594,3.8688905657295773,0.5705164074897766
1190,0.35116979479789734,0.1909310221672058,5.992754994881005,0.3636341691017151
1191,0.23835459351539612,0.13953401148319244,5.214360183074877,1.0366089344024658
1192,0.02173842489719391,0.03613543510437012,3.2578594702353407,17.942493438720703
1193,0.32621142268180847,0.19820399582386017,6.377270717785288,0.5021352171897888
1194,0.18398377299308777,0.14878559112548828,5.148028488634793,1.0850493907928467
1195,0.19065062701702118,0.1680700033903122,2.585185156003403,1.0065138339996338
1196,0.1620892435312271,0.08798865228891373,6.259204530563619,0.22197386622428894
1197,0.26903629302978516,0.14849358797073364,4.923984250885953,0.9077587127685547
1198,0.3642233908176422,0.1393834501504898,5.646450068530794,0.13559472560882568
1199,0.1751999408006668,0.06268139183521271,4.671766077357695,0.20653453469276428
1200,0.30833497643470764,0.20981454849243164,6.5892646646191,0.5998321771621704
1201,0.1815880388021469,0.10597745329141617,4.058572929248606,1.8925637006759644
1202,0.10634046792984009,0.11746847629547119,5.494098713593019,4.559526443481445
1203,0.1833842545747757,0.08524511009454727,4.725298091902776,0.7839322090148926
1204,0.5172879099845886,0.26877450942993164,4.993162349804632,-0.6785300970077515
1205,0.24914754927158356,0.18665483593940735,5.887231540376857,0.2999795973300934
1206,0.17811234295368195,0.10402253270149231,6.489731035212799,0.28466281294822693
1207,0.4132741689682007,0.20964756608009338,4.78196368017962,-0.1897718757390976
1208,0.13447347283363342,0.0789242684841156,4.879491898791026,0.4217202663421631
1209,0.32008054852485657,0.13279059529304504,5.012417379709649,0.43289855122566223
1210,0.1965973675251007,0.14301756024360657,5.54622881999724,2.2192318439483643
1211,0.35725733637809753,0.1376810371875763,5.615251249496319,0.15008583664894104
1212,0.34988048672676086,0.1607816219329834,5.415397768659692,-0.5324467420578003
1213,0.09382309764623642,0.04228335618972778,5.147721581421382,0.389508455991745
1214,0.10773245990276337,0.12341547012329102,3.6015256386091874,2.001598834991455
1215,0.2501806914806366,0.11139647662639618,2.7459420373606083,0.4926411509513855
1216,0.24129796028137207,0.13152116537094116,5.295826079120478,1.0573675632476807
1217,0.2251768559217453,0.20349043607711792,4.457279647564713,0.8754681348800659
1218,0.10534263402223587,0.10116443037986755,3.1059935158803795,2.225572109222412
1219,0.26733678579330444,0.1375073790550232,4.585850545775301,0.7873849868774414
1220,0.19572004675865173,0.21065250039100647,4.238028596791098,1.4354219436645508
1221,0.21451453864574432,0.13401047885417938,5.398960473805231,1.1474924087524414
1222,0.06625913083553314,0.055547378957271576,3.89049982327085,1.2805664539337158
1223,0.22174987196922302,0.11579630523920059,4.952290620867049,0.7796752452850342
1224,0.2856996953487396,0.17008356750011444,5.4768278428269035,0.7996194362640381
1225,0.12159523367881775,0.10390826314687729,4.508004598341868,1.5908167362213135
1226,0.10576379299163818,0.07278962433338165,4.963506552072189,0.6475015878677368
1227,0.38012734055519104,0.19856378436088562,4.936080101551981,0.40841490030288696
1228,0.10573187470436096,0.08563905954360962,4.822479257738336,1.2626018524169922
1229,0.2577321231365204,0.10556840151548386,4.76659858745333,-0.2203504741191864
1230,0.3407595753669739,0.22002512216567993,4.95234431897829,0.6619334816932678
1231,0.06935248523950577,0.07686211168766022,3.4773882060219066,1.856979489326477
1232,0.06670648604631424,0.05960053578019142,4.298009021816033,0.6490569114685059
1233,0.09629417955875397,0.084381602704525,4.092581758504818,1.4730796813964844
1234,0.2629997134208679,0.14061373472213745,4.944431584650985,0.9179033041000366
1235,0.18522295355796814,0.07299674302339554,5.913011374528421,0.44118812680244446
1236,0.23543590307235718,0.13327369093894958,4.637588023804184,1.0141011476516724
1237,0.2553085386753082,0.14857037365436554,4.972284150728797,0.9079836010932922
1238,0.16486579179763794,0.15066629648208618,3.864668727091509,1.670101523399353
1239,0.20142056047916412,0.10043246299028397,4.563451656750936,0.6863213777542114
1240,0.2720046639442444,0.15659815073013306,5.535114676047669,0.6022685170173645
1241,0.1946612298488617,0.18634356558322906,3.8862894897076243,1.4069114923477173
1242,0.33613061904907227,0.14400899410247803,4.927224749785783,0.6079312562942505
1243,0.26162564754486084,0.15313684940338135,5.002736177635434,0.9973385334014893
1244,0.3451102375984192,0.09694437682628632,1.9805388418410597,-0.2726873457431793
1245,0.11193230003118515,0.1047508642077446,4.262685783538648,1.6805453300476074
1246,0.04566265270113945,0.05225528031587601,4.8757963063261816,4.617478370666504
1247,0.21921178698539734,0.13616488873958588,3.9708311352436114,-0.021724097430706024
1248,0.2527593970298767,0.15714728832244873,5.339443466774237,0.8285365104675293
1249,0.2622016668319702,0.17183537781238556,6.166509596345842,0.8298263549804688
1250,0.34979674220085144,0.1496930718421936,5.6156455535597285,0.052116960287094116
1251,0.1079329401254654,0.09308302402496338,3.9012983409100563,1.4937680959701538
1252,0.48751524090766907,0.21620945632457733,5.0710734440207625,-0.15905775129795074
1253,0.22658281028270721,0.1369607150554657,4.1689563523935504,0.8251262903213501
1254,0.2012874037027359,0.15865421295166016,5.754931759406508,0.5662611722946167
1255,0.05947189778089523,0.049752555787563324,4.0147746527985815,2.872962474822998
1256,0.1974797546863556,0.08989515900611877,5.231254420868613,-0.375155508518219
1257,0.3581559956073761,0.1374264508485794,4.9466764069111395,0.3432759940624237
1258,0.26160338521003723,0.13316521048545837,4.97115212169674,0.6465516686439514
1259,0.07090676575899124,0.11320985853672028,5.299632547814354,4.15179443359375
1260,0.2802469730377197,0.16357456147670746,6.290673644760837,0.4387006461620331
1261,0.2769685685634613,0.12187494337558746,4.8701199485420466,-0.6960453987121582
1262,0.14825434982776642,0.1430283933877945,3.304068755899309,1.6848063468933105
1263,0.24566859006881714,0.21973392367362976,5.4917388587004075,1.2026293277740479
1264,0.3663385510444641,0.13962207734584808,4.970005475451061,0.3397994935512543
1265,0.22362741827964783,0.11619096994400024,4.95883190361918,0.7633475065231323
1266,0.18606381118297577,0.0986376479268074,5.739027582681297,0.08681546151638031
1267,0.03000427968800068,0.057554349303245544,2.290991585929349,7.425321102142334
1268,0.24881601333618164,0.14582125842571259,4.766529780294218,1.0993695259094238
1269,0.1412704437971115,0.149026021361351,3.7232198314044838,1.814642310142517
1270,0.21335698664188385,0.1635056436061859,5.155360618286708,0.8327630162239075
1271,0.27480268478393555,0.147206112742424,4.868567622690477,0.8820866346359253
1272,0.28076985478401184,0.18825729191303253,5.160601978645615,-0.002009145449846983
1273,0.26834800839424133,0.1433352679014206,4.949066628540454,0.9059576392173767
1274,0.1712440848350525,0.08810439705848694,5.308339132197256,0.6849861741065979
1275,0.15133091807365417,0.08314201980829239,5.688393154786672,0.5820556879043579
1276,0.30289173126220703,0.17478156089782715,3.7659590157037894,-0.35003861784935
1277,0.3047065734863281,0.13682952523231506,4.886810684259924,-0.22427918016910553
1278,0.12419555336236954,0.1261422336101532,3.7301660170853643,1.0314542055130005
1279,0.31631848216056824,0.12244098633527756,4.974996693597304,0.3383019268512726
1280,0.3125322759151459,0.1689377725124359,5.485612827675836,0.6236150860786438
1281,0.29714131355285645,0.1578647345304489,5.447625712306178,0.262702614068985
1282,0.3267395496368408,0.14201468229293823,4.9473070344120424,0.4754655063152313
1283,0.24090659618377686,0.2150537371635437,4.444841295702225,0.874999463558197
1284,0.08977163583040237,0.07611595094203949,5.1811697699801185,3.417085647583008
1285,0.3239719569683075,0.2430838644504547,5.646690015639716,0.5393945574760437
1286,0.08738190680742264,0.10663896054029465,4.307430957728285,2.299771785736084
1287,0.35677048563957214,0.15264347195625305,5.6321849557474755,0.14364704489707947
1288,0.1775156855583191,0.09001144021749496,4.730027673976699,0.03568030148744583
1289,0.21281199157238007,0.14905066788196564,5.0021546607876815,0.39244702458381653
1290,0.25767219066619873,0.16333185136318207,4.667641507805226,0.3054347634315491
1291,0.10014382749795914,0.14023350179195404,3.418435468405928,3.4973418712615967
1292,0.3367306888103485,0.14409630000591278,4.902741071363201,-0.7176587581634521
1293,0.14493612945079803,0.04078640416264534,4.721214370910175,-0.31863507628440857
1294,0.14884014427661896,0.15137937664985657,3.7358851310062913,1.0346847772598267
1295,0.17075233161449432,0.16187429428100586,3.508738484923661,0.7575616836547852
1296,0.30191975831985474,0.1606377363204956,5.535999217413944,0.6614564657211304
1297,0.28031566739082336,0.16628555953502655,5.466999385174029,0.7951851487159729
1298,0.17387181520462036,0.08873949944972992,4.73284958201186,0.04427504912018776
1299,0.21410760283470154,0.20082196593284607,5.232903298831748,1.3294329643249512
1300,0.054523978382349014,0.03841960057616234,4.224133447956061,5.372622489929199
1301,0.23209618031978607,0.16718396544456482,2.4766586392704086,0.7415985465049744
1302,0.25041159987449646,0.15510044991970062,5.454291248828369,0.7622359991073608
1303,0.38289719820022583,0.15627963840961456,5.997363229365379,0.12763620913028717
1304,0.11076882481575012,0.15773078799247742,3.5692083857571677,2.1833295822143555
1305,0.27129554748535156,0.1197085827589035,4.87460639646564,-0.6968443393707275
1306,0.14470380544662476,0.16132867336273193,3.27289591044898,1.9613274335861206
1307,0.14723950624465942,0.10013532638549805,4.876294160998932,1.3392564058303833
1308,0.2448447346687317,0.11337966471910477,5.323793528502363,0.10885415226221085
1309,0.3494231402873993,0.1544986069202423,5.7673592275348,0.5531425476074219
1310,0.1816238909959793,0.09941628575325012,4.379714028298432,0.9350790977478027
1311,0.3375082314014435,0.1940493881702423,6.308180041370812,0.7482879161834717
1312,0.14585919678211212,0.1605454534292221,3.4576227897680103,1.7633761167526245
1313,0.13024038076400757,0.16740326583385468,3.7925468017171062,2.044992208480835
1314,0.32503795623779297,0.1781393438577652,4.490125023919631,0.017146620899438858
1315,0.06121605634689331,0.041569631546735764,4.784268786026579,2.498960256576538
1316,0.2833860218524933,0.1302838921546936,4.603765515257392,0.6469937562942505
1317,0.3330589532852173,0.09946813434362411,4.122271914491583,-0.10908715426921844
1318,0.18640287220478058,0.08515483886003494,5.233935406202331,-0.3706527352333069
1319,0.14969925582408905,0.14915889501571655,2.993460166762076,1.8596259355545044
1320,0.06724236160516739,0.03707518056035042,4.0799584681194565,0.0748712569475174
1321,0.07802797853946686,0.061583828181028366,3.9438640135124867,1.264931559562683
1322,0.278259813785553,0.23139449954032898,4.6059828858336935,0.5772467851638794
1323,0.3468841016292572,0.2723240852355957,5.132821608072545,0.20885691046714783
1324,0.400225967168808,0.20032306015491486,5.0940105380679075,0.3224809169769287
1325,0.0602366141974926,0.04137502238154411,4.773394111403316,2.505516767501831
1326,0.42927053570747375,0.20549874007701874,4.737008763349027,-0.40856847167015076
1327,0.10695130378007889,0.12062904983758926,5.525782333124093,4.486693382263184
1328,0.05548962205648422,0.04367751628160477,3.6478418623868665,3.188002109527588
1329,0.10579399764537811,0.1423824578523636,4.751739934763285,2.530665874481201
1330,0.10532590001821518,0.1446635127067566,4.951686815200482,2.0214319229125977
1331,0.41227927803993225,0.26424333453178406,5.199510501259606,0.0824505016207695
1332,0.4314385652542114,0.21528823673725128,4.888855544318059,0.16261111199855804
1333,0.23712654411792755,0.1337800770998001,4.910317900804467,0.9689357876777649
1334,0.08973201364278793,0.10158853232860565,2.9229842299736783,2.376237392425537
1335,0.1457492709159851,0.12723734974861145,4.975983906884105,1.1904771327972412
1336,0.22163169085979462,0.1540193110704422,5.1015937454987546,0.3475472331047058
1337,0.37483450770378113,0.1233617290854454,3.9284999838051418,-0.22337530553340912
1338,0.06417272239923477,0.06635838001966476,2.959869295494462,6.238709449768066
1339,0.27312907576560974,0.1368750035762787,4.590669672025307,0.7135207056999207
1340,0.13923071324825287,0.16522271931171417,3.8092418004358217,1.7064223289489746
1341,0.1417229324579239,0.17221061885356903,3.8124581691156627,1.9686295986175537
1342,0.2626536786556244,0.13999199867248535,4.856324063003514,0.8417867422103882
1343,0.30314987897872925,0.13104288280010223,4.936073417928057,0.4653058648109436
1344,0.3846726715564728,0.15892326831817627,5.904798428561198,0.30712324380874634
1345,0.2674259543418884,0.15882152318954468,5.892401354002846,0.8778911828994751
1346,0.08620237559080124,0.1395064741373062,3.929342227380117,2.22866153717041
1347,0.31214043498039246,0.17679356038570404,5.5178890143384045,0.7029003500938416
1348,0.2328971028327942,0.10557977855205536,4.692450202903879,-0.3072531819343567
1349,0.4130576550960541,0.14502118527889252,5.792253105301294,-0.21013332903385162
1350,0.26729243993759155,0.2071089893579483,5.200574017092375,0.6626139283180237
1351,0.1846228539943695,0.20680135488510132,4.565991668207948,1.2549289464950562
1352,0.26003772020339966,0.14897477626800537,4.7948075016316265,0.9499563574790955
1353,0.08941345661878586,0.06676723062992096,4.782488676844356,1.151089072227478
1354,0.092243991792202,0.04211636632680893,5.128315632654446,0.4052867889404297
1355,0.03886530548334122,0.05703585222363472,2.565280072778621,7.057253360748291
1356,0.12480806559324265,0.06533881276845932,4.293881087070171,1.1059653759002686
1357,0.35586586594581604,0.2582353353500366,7.320663030472332,0.3501890003681183
1358,0.3814549744129181,0.17071782052516937,6.768525330904005,0.7367547750473022
1359,0.1812799721956253,0.2019565999507904,4.674743656921467,1.281875491142273
1360,0.2521863281726837,0.15414685010910034,5.382626353661878,0.761098325252533
1361,0.2830054759979248,0.16245239973068237,5.159029788147014,1.0159637928009033
1362,0.26073819398880005,0.15169066190719604,4.96569005403832,1.0027068853378296
1363,0.2334507703781128,0.20735733211040497,4.587274076329196,0.550108015537262
1364,0.30130669474601746,0.206839919090271,6.136283461323891,0.7747633457183838
1365,0.2512441873550415,0.15974123775959015,6.732628824483709,0.403240442276001
1366,0.27527016401290894,0.15386167168617249,4.965322365331615,0.9452517628669739
1367,0.32734712958335876,0.187811478972435,6.167346341487556,0.3412305414676666
1368,0.27646148204803467,0.21869173645973206,6.720750083097615,0.8511746525764465
1369,0.39965111017227173,0.17928652465343475,5.073962064405088,0.11399347335100174
1370,0.260854572057724,0.15257495641708374,4.996954195886614,0.9915441274642944
1371,0.26533013582229614,0.13327617943286896,4.75501848773858,0.7557567954063416
1372,0.15173201262950897,0.05961789935827255,5.156396695993815,-0.5610839128494263
1373,0.13766396045684814,0.0940684825181961,4.864136024679738,1.3479294776916504
1374,0.10501382499933243,0.14147621393203735,4.7408115546630825,2.533755302429199
1375,0.17967060208320618,0.15401087701320648,3.278028109611894,1.62893545627594
1376,0.17611126601696014,0.2142254263162613,4.196380322104638,1.015211820602417
1377,0.23040951788425446,0.10346956551074982,4.648764832506536,-0.2959984540939331
